atom_id,atom_name,residue_name,chain_id,residue_id,insertion_code,element,x,y,z,sasa
1,N,ASN,A,4,,N,-57.709,-4.782,39.775,0.000000
2,CA,ASN,A,4,,C,-58.290,-5.229,41.071,0.000000
3,C,ASN,A,4,,C,-57.672,-4.399,42.194,4.209273
4,O,ASN,A,4,,O,-57.423,-3.204,42.030,14.091090
5,CB,ASN,A,4,,C,-58.030,-6.734,41.283,2.104637
6,CG,ASN,A,4,,C,-58.077,-7.530,39.986,4.209273
7,ND2,ASN,A,4,,N,-57.651,-8.792,40.049,11.766647
8,OD1,ASN,A,4,,O,-58.482,-7.017,38.938,22.898022
9,H01,ASN,A,4,,H,-58.271,-5.135,39.014,8.494867
10,H02,ASN,A,4,,H,-57.694,-3.773,39.743,11.326489
11,H03,ASN,A,4,,H,-59.370,-5.081,41.068,18.405544
12,H04,ASN,A,4,,H,-58.820,-7.115,41.930,15.573922
13,H05,ASN,A,4,,H,-57.045,-6.858,41.733,2.831622
14,H06,ASN,A,4,,H,-57.655,-9.368,39.220,14.158111
15,H07,ASN,A,4,,H,-57.324,-9.171,40.926,19.821355
16,N,ASP,A,5,,N,-57.454,-5.038,43.343,3.922216
17,CA,ASP,A,5,,C,-56.472,-4.579,44.321,0.000000
18,C,ASP,A,5,,C,-55.052,-4.612,43.706,0.000000
19,O,ASP,A,5,,O,-54.752,-5.381,42.761,3.522773
20,CB,ASP,A,5,,C,-56.515,-5.469,45.574,4.209273
21,CG,ASP,A,5,,C,-55.961,-4.777,46.814,6.313910
22,OD1,ASP,A,5,,O,-55.383,-3.684,46.682,22.898022
23,OD2,ASP,A,5,,O,-56.111,-5.320,47.929,44.034657
24,H01,ASP,A,5,,H,-56.715,-3.555,44.604,8.494867
25,H02,ASP,A,5,,H,-55.888,-6.339,45.378,8.494867
26,H03,ASP,A,5,,H,-57.550,-5.751,45.766,15.573922
27,H08,ASP,A,5,,H,-57.988,-5.871,43.545,5.663244
28,N,TRP,A,6,,N,-54.191,-3.761,44.253,0.000000
29,CA,TRP,A,6,,C,-52.793,-3.702,43.860,0.000000
30,C,TRP,A,6,,C,-51.912,-4.308,44.960,0.000000
31,O,TRP,A,6,,O,-52.130,-4.069,46.158,3.522773
32,CB,TRP,A,6,,C,-52.369,-2.255,43.558,0.000000
33,CG,TRP,A,6,,C,-52.815,-1.731,42.206,0.000000
34,CD1,TRP,A,6,,C,-54.004,-1.134,41.911,8.418547
35,CD2,TRP,A,6,,C,-52.068,-1.757,40.985,2.104637
36,CE2,TRP,A,6,,C,-52.876,-1.166,39.987,0.000000
37,CE3,TRP,A,6,,C,-50.803,-2.237,40.631,0.000000
38,NE1,TRP,A,6,,N,-54.051,-0.794,40.580,5.883323
39,CZ2,TRP,A,6,,C,-52.455,-1.032,38.653,10.523183
40,CZ3,TRP,A,6,,C,-50.383,-2.101,39.300,6.313910
41,CH2,TRP,A,6,,C,-51.213,-1.499,38.330,6.313910
42,H01,TRP,A,6,,H,-52.664,-4.285,42.948,0.000000
43,H02,TRP,A,6,,H,-51.279,-2.251,43.544,0.000000
44,H03,TRP,A,6,,H,-52.790,-1.609,44.329,7.079055
45,H04,TRP,A,6,,H,-54.521,-3.130,44.970,1.415811
46,H05,TRP,A,6,,H,-54.804,-0.952,42.629,12.742300
47,H06,TRP,A,6,,H,-50.158,-2.707,41.373,0.000000
48,H07,TRP,A,6,,H,-54.826,-0.343,40.116,21.237166
49,H08,TRP,A,6,,H,-53.097,-0.571,37.902,21.237166
50,H09,TRP,A,6,,H,-49.398,-2.467,39.009,1.415811
51,H10,TRP,A,6,,H,-50.856,-1.405,37.304,19.821355
52,N,HIS,A,7,,N,-50.927,-5.106,44.543,0.000000
53,CA,HIS,A,7,,C,-49.928,-5.671,45.455,0.000000
54,C,HIS,A,7,,C,-48.509,-5.217,45.123,0.000000
55,O,HIS,A,7,,O,-48.153,-5.061,43.973,0.000000
56,CB,HIS,A,7,,C,-50.002,-7.197,45.436,2.104637
57,CG,HIS,A,7,,C,-50.573,-7.770,46.688,4.209273
58,CD2,HIS,A,7,,C,-51.663,-8.542,46.903,8.418547
59,ND1,HIS,A,7,,N,-50.008,-7.546,47.927,3.922216
60,CE1,HIS,A,7,,C,-50.724,-8.159,48.852,12.627820
61,NE2,HIS,A,7,,N,-51.729,-8.776,48.255,7.844431
62,H01,HIS,A,7,,H,-50.162,-5.301,46.453,0.000000
63,H02,HIS,A,7,,H,-48.982,-7.571,45.343,7.079055
64,H03,HIS,A,7,,H,-50.626,-7.504,44.597,7.079055
65,H04,HIS,A,7,,H,-52.357,-8.909,46.147,18.405544
66,H05,HIS,A,7,,H,-50.521,-8.157,49.923,16.989733
67,H06,HIS,A,7,,H,-52.434,-9.331,48.719,29.732033
68,H11,HIS,A,7,,H,-50.867,-5.330,43.560,0.000000
69,N,PHE,A,8,,N,-47.681,-5.009,46.128,0.000000
70,CA,PHE,A,8,,C,-46.340,-4.560,45.851,0.000000
71,C,PHE,A,8,,C,-45.350,-5.251,46.748,0.000000
72,O,PHE,A,8,,O,-45.675,-5.602,47.902,0.000000
73,CB,PHE,A,8,,C,-46.228,-3.047,46.062,0.000000
74,CG,PHE,A,8,,C,-47.398,-2.270,45.529,0.000000
75,CD1,PHE,A,8,,C,-48.505,-2.022,46.340,2.104637
76,CD2,PHE,A,8,,C,-47.398,-1.802,44.214,4.209273
77,CE1,PHE,A,8,,C,-49.604,-1.317,45.850,8.418547
78,CE2,PHE,A,8,,C,-48.479,-1.094,43.712,6.313910
79,CZ,PHE,A,8,,C,-49.588,-0.840,44.536,10.523183
80,H01,PHE,A,8,,H,-46.117,-4.803,44.812,0.000000
81,H02,PHE,A,8,,H,-45.349,-2.715,45.509,0.000000
82,H03,PHE,A,8,,H,-46.146,-2.854,47.132,0.000000
83,H04,PHE,A,8,,H,-48.511,-2.383,47.368,0.000000
84,H05,PHE,A,8,,H,-46.537,-1.996,43.574,0.000000
85,H06,PHE,A,8,,H,-50.470,-1.139,46.488,11.326489
86,H07,PHE,A,8,,H,-47.983,-5.162,47.080,0.000000
87,H08,PHE,A,8,,H,-48.468,-0.736,42.683,9.910678
88,H09,PHE,A,8,,H,-50.435,-0.272,44.151,11.326489
89,N,ASN,A,9,,N,-44.140,-5.442,46.216,0.000000
90,CA,ASN,A,9,,C,-43.012,-5.929,47.008,0.000000
91,C,ASN,A,9,,C,-41.797,-5.111,46.746,0.000000
92,O,ASN,A,9,,O,-41.583,-4.628,45.621,0.000000
93,CB,ASN,A,9,,C,-42.627,-7.354,46.650,0.000000
94,CG,ASN,A,9,,C,-43.666,-8.304,46.980,2.104637
95,ND2,ASN,A,9,,N,-43.556,-8.957,48.161,3.922216
96,OD1,ASN,A,9,,O,-44.605,-8.442,46.205,14.091090
97,H01,ASN,A,9,,H,-43.337,-5.869,48.047,0.000000
98,H02,ASN,A,9,,H,-41.742,-7.615,47.230,0.000000
99,H03,ASN,A,9,,H,-42.431,-7.406,45.579,0.000000
100,H04,ASN,A,9,,H,-44.267,-9.618,48.441,9.910678
101,H05,ASN,A,9,,H,-42.763,-8.783,48.762,0.000000
102,H10,ASN,A,9,,H,-44.000,-5.244,45.236,0.000000
103,N,ILE,A,10,,N,-40.986,-4.992,47.786,0.000000
104,CA,ILE,A,10,,C,-39.646,-4.512,47.638,0.000000
105,C,ILE,A,10,,C,-38.693,-5.344,48.479,0.000000
106,O,ILE,A,10,,O,-39.053,-5.857,49.549,0.000000
107,CB,ILE,A,10,,C,-39.517,-3.031,47.982,0.000000
108,CG1,ILE,A,10,,C,-39.517,-2.808,49.479,0.000000
109,CG2,ILE,A,10,,C,-40.624,-2.219,47.290,0.000000
110,CD1,ILE,A,10,,C,-39.226,-1.409,49.820,18.941730
111,H01,ILE,A,10,,H,-39.379,-4.616,46.586,0.000000
112,H02,ILE,A,10,,H,-38.556,-2.679,47.607,4.247433
113,H03,ILE,A,10,,H,-38.738,-3.433,49.915,5.663244
114,H04,ILE,A,10,,H,-40.497,-3.073,49.876,0.000000
115,H05,ILE,A,10,,H,-41.477,-2.123,47.961,0.000000
116,H06,ILE,A,10,,H,-41.321,-5.246,48.705,0.000000
117,H07,ILE,A,10,,H,-40.246,-1.228,47.040,11.326489
118,H08,ILE,A,10,,H,-40.935,-2.730,46.379,0.000000
119,H09,ILE,A,10,,H,-38.315,-1.093,49.311,18.405544
120,H10,ILE,A,10,,H,-40.056,-0.777,49.504,9.910678
121,H11,ILE,A,10,,H,-39.089,-1.318,50.898,22.652977
122,N,GLY,A,11,,N,-37.473,-5.507,47.994,0.000000
123,CA,GLY,A,11,,C,-36.544,-6.359,48.705,2.104637
124,C,GLY,A,11,,C,-35.116,-6.160,48.298,0.000000
125,O,GLY,A,11,,O,-34.793,-5.500,47.269,0.000000
126,H01,GLY,A,11,,H,-36.805,-7.389,48.462,0.000000
127,H02,GLY,A,11,,H,-36.631,-6.151,49.771,4.247433
128,H12,GLY,A,11,,H,-37.194,-5.044,47.141,0.000000
129,N,ALA,A,12,,N,-34.269,-6.733,49.131,0.000000
130,CA,ALA,A,12,,C,-32.863,-6.632,48.980,0.000000
131,C,ALA,A,12,,C,-32.273,-8.010,49.197,0.000000
132,O,ALA,A,12,,O,-32.619,-8.681,50.132,3.522773
133,CB,ALA,A,12,,C,-32.335,-5.658,49.986,8.418547
134,H01,ALA,A,12,,H,-32.594,-6.276,47.986,0.000000
135,H02,ALA,A,12,,H,-31.433,-5.187,49.596,9.910678
136,H03,ALA,A,12,,H,-34.637,-7.265,49.907,0.000000
137,H04,ALA,A,12,,H,-33.087,-4.894,50.183,15.573922
138,H05,ALA,A,12,,H,-32.099,-6.183,50.912,12.742300
139,N,MET,A,13,,N,-31.405,-8.455,48.310,0.000000
140,CA,MET,A,13,,C,-30.687,-9.714,48.525,0.000000
141,C,MET,A,13,,C,-29.211,-9.489,48.405,0.000000
142,O,MET,A,13,,O,-28.775,-8.689,47.594,0.000000
143,CB,MET,A,13,,C,-31.127,-10.743,47.508,0.000000
144,CG,MET,A,13,,C,-30.786,-12.160,47.905,0.000000
145,SD,MET,A,13,,S,-31.404,-13.319,46.688,20.402948
146,CE,MET,A,13,,C,-32.770,-12.383,45.981,6.313910
147,H01,MET,A,13,,H,-30.915,-10.080,49.526,0.000000
148,H02,MET,A,13,,H,-30.593,-10.530,46.582,0.000000
149,H03,MET,A,13,,H,-32.207,-10.668,47.384,0.000000
150,H04,MET,A,13,,H,-31.251,-12.378,48.866,1.415811
151,H05,MET,A,13,,H,-29.703,-12.261,47.980,0.000000
152,H06,MET,A,13,,H,-31.233,-7.921,47.471,0.000000
153,H07,MET,A,13,,H,-33.602,-12.369,46.684,11.326489
154,H08,MET,A,13,,H,-32.446,-11.362,45.781,0.000000
155,H09,MET,A,13,,H,-33.089,-12.852,45.050,26.900411
156,N,TYR,A,14,,N,-28.446,-10.167,49.227,1.961108
157,CA,TYR,A,14,,C,-26.994,-10.132,49.168,0.000000
158,C,TYR,A,14,,C,-26.454,-11.565,49.097,0.000000
159,O,TYR,A,14,,O,-26.663,-12.369,50.012,0.000000
160,CB,TYR,A,14,,C,-26.434,-9.440,50.397,4.209273
161,CG,TYR,A,14,,C,-24.920,-9.275,50.344,2.104637
162,CD1,TYR,A,14,,C,-24.109,-9.871,51.269,8.418547
163,CD2,TYR,A,14,,C,-24.306,-8.525,49.337,6.313910
164,CE1,TYR,A,14,,C,-22.783,-9.737,51.223,6.313910
165,CE2,TYR,A,14,,C,-22.951,-8.404,49.288,4.209273
166,CZ,TYR,A,14,,C,-22.196,-9.006,50.246,2.104637
167,OH,TYR,A,14,,O,-20.821,-8.892,50.233,1.761386
168,H01,TYR,A,14,,H,-26.688,-9.577,48.281,0.000000
169,H02,TYR,A,14,,H,-26.665,-10.065,51.259,1.415811
170,H03,TYR,A,14,,H,-26.890,-8.453,50.480,12.742300
171,H04,TYR,A,14,,H,-24.556,-10.470,52.062,14.158111
172,H05,TYR,A,14,,H,-24.919,-8.032,48.583,0.000000
173,H06,TYR,A,14,,H,-22.165,-10.221,51.980,15.573922
174,H07,TYR,A,14,,H,-22.477,-7.832,48.491,0.000000
175,H08,TYR,A,14,,H,-20.514,-8.615,51.099,21.237166
176,H10,TYR,A,14,,H,-28.886,-10.740,49.933,0.000000
177,N,GLU,A,15,,N,-25.779,-11.893,48.008,0.000000
178,CA,GLU,A,15,,C,-25.288,-13.248,47.803,0.000000
179,C,GLU,A,15,,C,-23.789,-13.261,47.771,0.000000
180,O,GLU,A,15,,O,-23.151,-12.242,47.566,0.000000
181,CB,GLU,A,15,,C,-25.816,-13.802,46.493,0.000000
182,CG,GLU,A,15,,C,-27.326,-13.744,46.363,0.000000
183,CD,GLU,A,15,,C,-27.797,-14.219,45.026,2.104637
184,OE1,GLU,A,15,,O,-27.825,-13.401,44.091,12.329704
185,OE2,GLU,A,15,,O,-28.138,-15.418,44.893,12.329704
186,H01,GLU,A,15,,H,-25.637,-13.867,48.630,0.000000
187,H02,GLU,A,15,,H,-25.537,-14.855,46.461,0.000000
188,H03,GLU,A,15,,H,-25.379,-13.228,45.676,0.000000
189,H04,GLU,A,15,,H,-27.631,-12.704,46.474,0.000000
190,H05,GLU,A,15,,H,-27.770,-14.372,47.136,0.000000
191,H09,GLU,A,15,,H,-25.601,-11.190,47.305,0.000000
192,N,ILE,A,16,,N,-23.219,-14.435,47.954,0.000000
193,CA,ILE,A,16,,C,-21.776,-14.599,47.936,0.000000
194,C,ILE,A,16,,C,-21.461,-15.910,47.238,0.000000
195,O,ILE,A,16,,O,-22.276,-16.827,47.259,0.000000
196,CB,ILE,A,16,,C,-21.225,-14.528,49.361,0.000000
197,CG1,ILE,A,16,,C,-19.690,-14.465,49.357,0.000000
198,CG2,ILE,A,16,,C,-21.709,-15.682,50.152,2.104637
199,CD1,ILE,A,16,,C,-19.097,-13.585,50.495,10.523183
200,H01,ILE,A,16,,H,-21.290,-13.795,47.383,0.000000
201,H02,ILE,A,16,,H,-21.589,-13.613,49.828,1.415811
202,H03,ILE,A,16,,H,-19.393,-14.008,48.413,0.000000
203,H04,ILE,A,16,,H,-19.303,-15.478,49.467,0.000000
204,H05,ILE,A,16,,H,-22.708,-15.959,49.816,0.000000
205,H06,ILE,A,16,,H,-23.803,-15.244,48.111,0.000000
206,H07,ILE,A,16,,H,-21.033,-16.526,50.015,5.663244
207,H08,ILE,A,16,,H,-21.743,-15.411,51.207,8.494867
208,H09,ILE,A,16,,H,-18.196,-13.088,50.137,1.415811
209,H10,ILE,A,16,,H,-19.830,-12.836,50.795,2.831622
210,H11,ILE,A,16,,H,-18.849,-14.214,51.350,14.158111
211,N,GLU,A,17,,N,-20.317,-15.967,46.557,0.000000
212,CA,GLU,A,17,,C,-19.898,-17.181,45.840,0.000000
213,C,GLU,A,17,,C,-18.396,-17.290,46.041,0.000000
214,O,GLU,A,17,,O,-17.679,-16.357,45.726,3.522773
215,CB,GLU,A,17,,C,-20.262,-17.137,44.348,0.000000
216,CG,GLU,A,17,,C,-21.788,-16.965,44.024,0.000000
217,CD,GLU,A,17,,C,-22.166,-17.258,42.514,2.104637
218,OE1,GLU,A,17,,O,-23.173,-16.718,41.977,7.045545
219,OE2,GLU,A,17,,O,-21.453,-18.043,41.852,0.000000
220,H01,GLU,A,17,,H,-20.419,-18.054,46.232,0.000000
221,H02,GLU,A,17,,H,-19.981,-18.110,43.945,1.415811
222,H03,GLU,A,17,,H,-19.727,-16.301,43.897,0.000000
223,H04,GLU,A,17,,H,-22.033,-15.920,44.212,0.000000
224,H05,GLU,A,17,,H,-22.352,-17.649,44.658,0.000000
225,H12,GLU,A,17,,H,-19.720,-15.153,46.532,0.000000
226,N,ASN,A,18,,N,-17.933,-18.406,46.611,0.000000
227,CA,ASN,A,18,,C,-16.510,-18.654,46.843,0.000000
228,C,ASN,A,18,,C,-16.011,-19.868,46.087,0.000000
229,O,ASN,A,18,,O,-16.792,-20.651,45.544,0.000000
230,CB,ASN,A,18,,C,-16.224,-18.852,48.335,0.000000
231,CG,ASN,A,18,,C,-16.051,-17.543,49.089,0.000000
232,ND2,ASN,A,18,,N,-16.018,-17.630,50.410,13.727755
233,OD1,ASN,A,18,,O,-15.936,-16.468,48.494,0.000000
234,H01,ASN,A,18,,H,-15.982,-17.773,46.477,0.000000
235,H02,ASN,A,18,,H,-15.285,-19.399,48.415,1.415811
236,H03,ASN,A,18,,H,-17.055,-19.401,48.778,0.000000
237,H04,ASN,A,18,,H,-15.900,-16.797,50.968,18.405544
238,H05,ASN,A,18,,H,-16.110,-18.530,50.859,12.742300
239,H06,ASN,A,18,,H,-18.597,-19.112,46.895,0.000000
240,N,VAL,A,19,,N,-14.688,-19.991,46.055,0.000000
241,CA,VAL,A,19,,C,-13.999,-21.159,45.524,0.000000
242,C,VAL,A,19,,C,-12.931,-21.584,46.533,0.000000
243,O,VAL,A,19,,O,-12.314,-20.729,47.180,3.522773
244,CB,VAL,A,19,,C,-13.340,-20.841,44.170,0.000000
245,CG1,VAL,A,19,,C,-14.386,-20.313,43.172,4.209273
246,CG2,VAL,A,19,,C,-12.225,-19.839,44.355,0.000000
247,H01,VAL,A,19,,H,-14.718,-21.963,45.365,0.000000
248,H02,VAL,A,19,,H,-12.916,-21.759,43.764,5.663244
249,H03,VAL,A,19,,H,-15.249,-19.932,43.718,4.247433
250,H04,VAL,A,19,,H,-13.949,-19.510,42.578,15.573922
251,H05,VAL,A,19,,H,-14.702,-21.122,42.514,0.000000
252,H06,VAL,A,19,,H,-14.129,-19.232,46.419,0.000000
253,H07,VAL,A,19,,H,-11.363,-20.141,43.760,0.000000
254,H08,VAL,A,19,,H,-12.563,-18.855,44.031,1.415811
255,H09,VAL,A,19,,H,-11.943,-19.799,45.407,0.000000
256,N,GLU,A,20,,N,-12.741,-22.894,46.701,0.000000
257,CA,GLU,A,20,,C,-11.655,-23.425,47.554,0.000000
258,C,GLU,A,20,,C,-10.400,-23.456,46.664,0.000000
259,O,GLU,A,20,,O,-10.540,-23.550,45.439,12.329704
260,CB,GLU,A,20,,C,-12.000,-24.819,48.120,2.104637
261,CG,GLU,A,20,,C,-13.220,-24.837,49.049,0.000000
262,CD,GLU,A,20,,C,-13.318,-26.079,49.954,4.209273
263,OE1,GLU,A,20,,O,-14.302,-26.153,50.724,19.375249
264,OE2,GLU,A,20,,O,-12.435,-26.968,49.918,17.613863
265,H01,GLU,A,20,,H,-11.497,-22.797,48.431,1.415811
266,H02,GLU,A,20,,H,-11.146,-25.133,48.720,4.247433
267,H03,GLU,A,20,,H,-12.197,-25.489,47.283,4.247433
268,H04,GLU,A,20,,H,-14.099,-24.855,48.404,0.000000
269,H05,GLU,A,20,,H,-13.176,-23.954,49.686,8.494867
270,H10,GLU,A,20,,H,-13.357,-23.542,46.232,0.000000
271,N,GLY,A,21,,N,-9.187,-23.398,47.230,3.922216
272,CA,GLY,A,21,,C,-8.922,-23.563,48.660,2.104637
273,C,GLY,A,21,,C,-8.708,-22.290,49.455,0.000000
274,O,GLY,A,21,,O,-9.602,-21.443,49.539,12.329704
275,H01,GLY,A,21,,H,-7.978,-24.105,48.720,12.742300
276,H02,GLY,A,21,,H,-9.770,-24.090,49.097,0.000000
277,H06,GLY,A,21,,H,-8.397,-23.228,46.625,12.742300
278,N,TYR,A,22,,N,-7.506,-22.155,50.022,0.000000
279,CA,TYR,A,22,,C,-7.274,-21.258,51.171,0.000000
280,C,TYR,A,22,,C,-6.920,-19.768,50.930,0.000000
281,O,TYR,A,22,,O,-7.464,-18.912,51.639,35.227726
282,CB,TYR,A,22,,C,-6.294,-21.927,52.160,4.209273
283,CG,TYR,A,22,,C,-7.030,-22.814,53.144,2.104637
284,CD1,TYR,A,22,,C,-7.773,-23.907,52.697,10.523183
285,CD2,TYR,A,22,,C,-7.026,-22.538,54.513,12.627820
286,CE1,TYR,A,22,,C,-8.478,-24.720,53.588,16.837094
287,CE2,TYR,A,22,,C,-7.726,-23.349,55.418,14.732457
288,CZ,TYR,A,22,,C,-8.449,-24.439,54.947,10.523183
289,OH,TYR,A,22,,O,-9.144,-25.243,55.820,31.704953
290,H01,TYR,A,22,,H,-8.275,-21.145,51.588,5.663244
291,H02,TYR,A,22,,H,-5.779,-21.145,52.718,11.326489
292,H03,TYR,A,22,,H,-6.730,-22.685,49.652,2.831622
293,H04,TYR,A,22,,H,-5.580,-22.531,51.600,12.742300
294,H05,TYR,A,22,,H,-7.804,-24.131,51.631,4.247433
295,H06,TYR,A,22,,H,-6.469,-21.678,54.884,19.821355
296,H07,TYR,A,22,,H,-9.049,-25.572,53.217,18.405544
297,H08,TYR,A,22,,H,-7.703,-23.126,56.485,21.237166
298,H09,TYR,A,22,,H,-9.243,-24.792,56.662,22.652977
299,N,GLY,A,23,,N,-6.047,-19.423,49.977,5.883323
300,CA,GLY,A,23,,C,-5.385,-20.373,49.080,2.104637
301,C,GLY,A,23,,C,-4.116,-19.837,48.423,6.313910
302,O,GLY,A,23,,O,-3.010,-20.217,48.840,42.273271
303,H01,GLY,A,23,,H,-6.088,-20.583,48.274,0.000000
304,H02,GLY,A,23,,H,-5.123,-21.261,49.655,2.831622
305,H10,GLY,A,23,,H,-5.830,-18.443,49.869,5.663244
306,N,GLU,A,24,,N,-4.229,-18.959,47.416,0.000000
307,CA,GLU,A,24,,C,-5.481,-18.326,46.965,0.000000
308,C,GLU,A,24,,C,-5.865,-18.644,45.497,4.209273
309,O,GLU,A,24,,O,-5.100,-18.353,44.568,19.375249
310,CB,GLU,A,24,,C,-5.354,-16.798,47.120,2.104637
311,CG,GLU,A,24,,C,-6.666,-16.023,46.939,0.000000
312,CD,GLU,A,24,,C,-6.454,-14.545,46.700,2.104637
313,OE1,GLU,A,24,,O,-6.127,-14.180,45.552,24.659408
314,OE2,GLU,A,24,,O,-6.636,-13.756,47.651,33.466339
315,H01,GLU,A,24,,H,-6.273,-18.739,47.590,0.000000
316,H02,GLU,A,24,,H,-4.687,-16.463,46.325,7.079055
317,H03,GLU,A,24,,H,-3.383,-18.710,46.924,15.573922
318,H04,GLU,A,24,,H,-4.970,-16.588,48.118,11.326489
319,H05,GLU,A,24,,H,-7.233,-16.124,47.864,2.831622
320,H06,GLU,A,24,,H,-7.201,-16.440,46.086,0.000000
321,N,ASP,A,25,,N,-7.039,-19.259,45.308,0.000000
322,CA,ASP,A,25,,C,-7.819,-19.096,44.069,0.000000
323,C,ASP,A,25,,C,-8.836,-17.990,44.379,0.000000
324,O,ASP,A,25,,O,-9.444,-17.968,45.455,0.000000
325,CB,ASP,A,25,,C,-8.495,-20.391,43.609,0.000000
326,CG,ASP,A,25,,C,-8.817,-20.387,42.109,2.104637
327,OD1,ASP,A,25,,O,-8.849,-21.474,41.495,44.034657
328,OD2,ASP,A,25,,O,-9.035,-19.301,41.536,14.091090
329,H01,ASP,A,25,,H,-7.172,-18.831,43.233,1.415811
330,H02,ASP,A,25,,H,-9.438,-20.481,44.149,0.000000
331,H03,ASP,A,25,,H,-7.830,-21.228,43.822,9.910678
332,H07,ASP,A,25,,H,-7.402,-19.854,46.039,0.000000
333,N,MET,A,26,,N,-9.060,-17.120,43.401,0.000000
334,CA,MET,A,26,,C,-9.068,-15.661,43.637,0.000000
335,C,MET,A,26,,C,-10.405,-14.921,43.442,0.000000
336,O,MET,A,26,,O,-10.765,-14.644,42.294,26.420794
337,CB,MET,A,26,,C,-7.993,-15.033,42.711,0.000000
338,CG,MET,A,26,,C,-7.648,-15.895,41.452,0.000000
339,SD,MET,A,26,,S,-6.239,-15.389,40.409,43.072890
340,CE,MET,A,26,,C,-5.895,-16.924,39.524,14.732457
341,H01,MET,A,26,,H,-8.864,-15.538,44.701,0.000000
342,H02,MET,A,26,,H,-7.078,-14.958,43.299,0.000000
343,H03,MET,A,26,,H,-8.357,-14.063,42.373,11.326489
344,H04,MET,A,26,,H,-9.230,-17.466,42.467,0.000000
345,H05,MET,A,26,,H,-8.516,-15.777,40.803,11.326489
346,H06,MET,A,26,,H,-7.444,-16.907,41.801,0.000000
347,H07,MET,A,26,,H,-4.895,-17.274,39.780,24.068789
348,H08,MET,A,26,,H,-6.627,-17.680,39.808,8.494867
349,H09,MET,A,26,,H,-5.954,-16.746,38.450,21.237166
350,N,ASP,A,27,,N,-11.170,-14.596,44.502,1.961108
351,CA,ASP,A,27,,C,-11.162,-15.190,45.869,0.000000
352,C,ASP,A,27,,C,-12.595,-15.088,46.486,0.000000
353,O,ASP,A,27,,O,-12.783,-15.228,47.707,3.522773
354,CB,ASP,A,27,,C,-10.149,-14.471,46.786,2.104637
355,CG,ASP,A,27,,C,-10.191,-14.963,48.250,0.000000
356,OD1,ASP,A,27,,O,-10.061,-16.190,48.481,8.806931
357,OD2,ASP,A,27,,O,-10.349,-14.119,49.165,33.466339
358,H01,ASP,A,27,,H,-10.863,-16.235,45.789,0.000000
359,H02,ASP,A,27,,H,-10.416,-13.414,46.794,11.326489
360,H03,ASP,A,27,,H,-9.146,-14.639,46.393,0.000000
361,H10,ASP,A,27,,H,-11.836,-13.852,44.351,4.247433
362,N,GLY,A,28,,N,-13.605,-14.862,45.642,0.000000
363,CA,GLY,A,28,,C,-14.944,-14.586,46.114,0.000000
364,C,GLY,A,28,,C,-15.638,-13.504,45.304,0.000000
365,O,GLY,A,28,,O,-15.068,-12.453,45.019,0.000000
366,H01,GLY,A,28,,H,-14.865,-14.229,47.141,0.000000
367,H02,GLY,A,28,,H,-15.532,-15.501,46.051,0.000000
368,H04,GLY,A,28,,H,-13.429,-14.884,44.648,4.247433
369,N,LEU,A,29,,N,-16.877,-13.778,44.922,0.000000
370,CA,LEU,A,29,,C,-17.750,-12.802,44.341,0.000000
371,C,LEU,A,29,,C,-18.665,-12.254,45.418,0.000000
372,O,LEU,A,29,,O,-18.845,-12.865,46.468,0.000000
373,CB,LEU,A,29,,C,-18.610,-13.463,43.274,0.000000
374,CG,LEU,A,29,,C,-18.173,-13.339,41.821,0.000000
375,CD1,LEU,A,29,,C,-16.652,-13.290,41.659,12.627820
376,CD2,LEU,A,29,,C,-18.780,-14.461,41.003,0.000000
377,H01,LEU,A,29,,H,-17.156,-12.001,43.901,0.000000
378,H02,LEU,A,29,,H,-19.557,-12.925,43.318,0.000000
379,H03,LEU,A,29,,H,-17.222,-14.719,45.046,0.000000
380,H04,LEU,A,29,,H,-18.657,-14.526,43.509,0.000000
381,H05,LEU,A,29,,H,-18.543,-12.384,41.448,0.000000
382,H06,LEU,A,29,,H,-16.178,-13.631,42.579,1.415811
383,H07,LEU,A,29,,H,-16.353,-13.938,40.835,8.494867
384,H08,LEU,A,29,,H,-16.341,-12.267,41.449,2.831622
385,H09,LEU,A,29,,H,-19.703,-14.113,40.539,0.000000
386,H10,LEU,A,29,,H,-18.077,-14.768,40.228,0.000000
387,H11,LEU,A,29,,H,-18.998,-15.308,41.653,1.415811
388,N,ALA,A,30,,N,-19.243,-11.085,45.148,0.000000
389,CA,ALA,A,30,,C,-20.311,-10.510,45.966,0.000000
390,C,ALA,A,30,,C,-21.389,-9.923,45.053,0.000000
391,O,ALA,A,30,,O,-21.096,-9.224,44.065,1.761386
392,CB,ALA,A,30,,C,-19.779,-9.454,46.910,0.000000
393,H01,ALA,A,30,,H,-20.744,-11.301,46.578,0.000000
394,H02,ALA,A,30,,H,-18.873,-9.016,46.491,0.000000
395,H03,ALA,A,30,,H,-20.529,-8.675,47.045,1.415811
396,H04,ALA,A,30,,H,-19.550,-9.909,47.874,0.000000
397,H12,ALA,A,30,,H,-18.928,-10.570,44.338,0.000000
398,N,GLU,A,31,,N,-22.638,-10.231,45.399,0.000000
399,CA,GLU,A,31,,C,-23.757,-9.900,44.579,0.000000
400,C,GLU,A,31,,C,-24.881,-9.215,45.387,0.000000
401,O,GLU,A,31,,O,-25.862,-9.824,45.802,0.000000
402,CB,GLU,A,31,,C,-24.213,-11.152,43.855,0.000000
403,CG,GLU,A,31,,C,-23.125,-11.807,42.982,0.000000
404,CD,GLU,A,31,,C,-23.248,-13.322,42.907,0.000000
405,OE1,GLU,A,31,,O,-24.348,-13.872,43.163,1.761386
406,OE2,GLU,A,31,,O,-22.234,-13.965,42.591,0.000000
407,H01,GLU,A,31,,H,-23.464,-9.162,43.833,0.000000
408,H02,GLU,A,31,,H,-25.015,-10.850,43.182,0.000000
409,H03,GLU,A,31,,H,-24.539,-11.879,44.599,0.000000
410,H04,GLU,A,31,,H,-22.163,-11.583,43.442,0.000000
411,H05,GLU,A,31,,H,-22.798,-10.715,46.271,0.000000
412,H06,GLU,A,31,,H,-23.200,-11.402,41.973,0.000000
413,N,PRO,A,32,,N,-24.729,-7.909,45.599,0.000000
414,CA,PRO,A,32,,C,-25.811,-7.048,46.090,0.000000
415,C,PRO,A,32,,C,-26.909,-6.958,45.083,0.000000
416,O,PRO,A,32,,O,-26.635,-7.077,43.897,0.000000
417,CB,PRO,A,32,,C,-25.151,-5.672,46.196,4.209273
418,CG,PRO,A,32,,C,-23.681,-5.937,46.235,2.104637
419,CD,PRO,A,32,,C,-23.469,-7.164,45.419,0.000000
420,H01,PRO,A,32,,H,-25.488,-5.129,47.079,18.405544
421,H02,PRO,A,32,,H,-25.406,-5.059,45.332,7.079055
422,H03,PRO,A,32,,H,-23.324,-6.068,47.256,5.663244
423,H04,PRO,A,32,,H,-23.132,-5.097,45.809,2.831622
424,H05,PRO,A,32,,H,-23.245,-6.949,44.374,0.000000
425,H06,PRO,A,32,,H,-22.619,-7.738,45.788,0.000000
426,H07,PRO,A,32,,H,-26.240,-7.418,47.021,1.415811
427,N,SER,A,33,,N,-28.134,-6.728,45.534,0.000000
428,CA,SER,A,33,,C,-29.249,-6.482,44.607,0.000000
429,C,SER,A,33,,C,-30.505,-5.979,45.332,0.000000
430,O,SER,A,33,,O,-30.713,-6.223,46.537,0.000000
431,CB,SER,A,33,,C,-29.631,-7.773,43.916,0.000000
432,OG,SER,A,33,,O,-30.029,-8.708,44.917,5.284159
433,H01,SER,A,33,,H,-28.907,-5.725,43.901,0.000000
434,H02,SER,A,33,,H,-28.786,-8.163,43.349,0.000000
435,H03,SER,A,33,,H,-30.456,-7.594,43.227,5.663244
436,H04,SER,A,33,,H,-30.005,-8.285,45.778,0.000000
437,H07,SER,A,33,,H,-28.304,-6.722,46.530,2.831622
438,N,VAL,A,34,,N,-31.351,-5.299,44.583,0.000000
439,CA,VAL,A,34,,C,-32.575,-4.758,45.124,0.000000
440,C,VAL,A,34,,C,-33.685,-4.963,44.091,0.000000
441,O,VAL,A,34,,O,-33.399,-5.010,42.881,0.000000
442,CB,VAL,A,34,,C,-32.461,-3.229,45.404,0.000000
443,CG1,VAL,A,34,,C,-31.604,-2.955,46.650,10.523183
444,CG2,VAL,A,34,,C,-31.968,-2.471,44.143,4.209273
445,H01,VAL,A,34,,H,-32.786,-5.268,46.064,0.000000
446,H02,VAL,A,34,,H,-33.454,-2.840,45.629,8.494867
447,H03,VAL,A,34,,H,-30.712,-2.399,46.362,19.821355
448,H04,VAL,A,34,,H,-32.180,-2.370,47.367,18.405544
449,H05,VAL,A,34,,H,-31.137,-5.153,43.607,0.000000
450,H06,VAL,A,34,,H,-31.310,-3.901,47.105,1.415811
451,H07,VAL,A,34,,H,-30.947,-2.775,43.913,0.000000
452,H08,VAL,A,34,,H,-32.616,-2.708,43.299,4.247433
453,H09,VAL,A,34,,H,-31.993,-1.398,44.331,21.237166
454,N,TYR,A,35,,N,-34.933,-5.074,44.557,0.000000
455,CA,TYR,A,35,,C,-36.061,-5.198,43.632,0.000000
456,C,TYR,A,35,,C,-37.364,-4.470,44.090,2.104637
457,O,TYR,A,35,,O,-37.582,-4.186,45.274,3.522773
458,CB,TYR,A,35,,C,-36.319,-6.696,43.325,2.104637
459,CG,TYR,A,35,,C,-36.655,-7.510,44.549,2.104637
460,CD1,TYR,A,35,,C,-35.675,-8.085,45.303,6.313910
461,CD2,TYR,A,35,,C,-37.987,-7.682,44.967,4.209273
462,CE1,TYR,A,35,,C,-35.997,-8.808,46.468,2.104637
463,CE2,TYR,A,35,,C,-38.309,-8.411,46.111,6.313910
464,CZ,TYR,A,35,,C,-37.307,-8.959,46.851,4.209273
465,OH,TYR,A,35,,O,-37.552,-9.654,47.986,8.806931
466,H01,TYR,A,35,,H,-35.772,-4.677,42.719,0.000000
467,H02,TYR,A,35,,H,-35.396,-7.103,42.912,2.831622
468,H03,TYR,A,35,,H,-37.150,-6.767,42.623,5.663244
469,H04,TYR,A,35,,H,-34.632,-7.984,45.001,2.831622
470,H05,TYR,A,35,,H,-38.789,-7.233,44.381,0.000000
471,H06,TYR,A,35,,H,-35.202,-9.250,47.069,1.415811
472,H07,TYR,A,35,,H,-39.350,-8.540,46.409,0.000000
473,H08,TYR,A,35,,H,-37.408,-9.086,48.747,0.000000
474,H10,TYR,A,35,,H,-35.099,-5.072,45.553,0.000000
475,N,PHE,A,36,,N,-38.206,-4.157,43.118,0.000000
476,CA,PHE,A,36,,C,-39.558,-3.717,43.380,0.000000
477,C,PHE,A,36,,C,-40.444,-4.422,42.399,0.000000
478,O,PHE,A,36,,O,-40.023,-4.679,41.281,0.000000
479,CB,PHE,A,36,,C,-39.681,-2.190,43.213,2.104637
480,CG,PHE,A,36,,C,-41.052,-1.717,42.755,2.104637
481,CD1,PHE,A,36,,C,-41.325,-1.506,41.413,2.104637
482,CD2,PHE,A,36,,C,-42.066,-1.484,43.672,6.313910
483,CE1,PHE,A,36,,C,-42.599,-1.063,40.987,6.313910
484,CE2,PHE,A,36,,C,-43.330,-1.060,43.255,10.523183
485,CZ,PHE,A,36,,C,-43.592,-0.841,41.918,8.418547
486,H01,PHE,A,36,,H,-39.845,-3.951,44.405,0.000000
487,H02,PHE,A,36,,H,-38.977,-1.905,42.432,1.415811
488,H03,PHE,A,36,,H,-39.461,-1.723,44.173,7.079055
489,H04,PHE,A,36,,H,-40.545,-1.684,40.673,0.000000
490,H05,PHE,A,36,,H,-41.874,-1.634,44.734,0.000000
491,H06,PHE,A,36,,H,-42.795,-0.898,39.928,7.079055
492,H07,PHE,A,36,,H,-44.117,-0.901,43.993,2.831622
493,H08,PHE,A,36,,H,-44.576,-0.495,41.600,8.494867
494,H09,PHE,A,36,,H,-37.893,-4.228,42.160,0.000000
495,N,ASN,A,37,,N,-41.663,-4.764,42.803,0.000000
496,CA,ASN,A,37,,C,-42.674,-5.225,41.823,0.000000
497,C,ASN,A,37,,C,-44.071,-4.753,42.224,0.000000
498,O,ASN,A,37,,O,-44.331,-4.421,43.402,0.000000
499,CB,ASN,A,37,,C,-42.656,-6.771,41.613,0.000000
500,CG,ASN,A,37,,C,-42.917,-7.560,42.916,0.000000
501,ND2,ASN,A,37,,N,-41.845,-7.858,43.666,1.961108
502,OD1,ASN,A,37,,O,-44.082,-7.860,43.259,3.522773
503,H01,ASN,A,37,,H,-42.407,-4.776,40.866,0.000000
504,H02,ASN,A,37,,H,-41.660,-7.041,41.263,0.000000
505,H03,ASN,A,37,,H,-43.426,-7.033,40.887,0.000000
506,H04,ASN,A,37,,H,-41.960,-8.358,44.536,1.415811
507,H05,ASN,A,37,,H,-40.923,-7.582,43.361,1.415811
508,H09,ASN,A,37,,H,-41.901,-4.709,43.783,0.000000
509,N,ALA,A,38,,N,-44.938,-4.737,41.211,0.000000
510,CA,ALA,A,38,,C,-46.368,-4.513,41.349,0.000000
511,C,ALA,A,38,,C,-47.071,-5.368,40.263,0.000000
512,O,ALA,A,38,,O,-46.541,-5.405,39.142,0.000000
513,CB,ALA,A,38,,C,-46.639,-3.050,41.130,2.104637
514,H01,ALA,A,38,,H,-46.735,-4.794,42.336,0.000000
515,H02,ALA,A,38,,H,-47.557,-2.770,41.646,0.000000
516,H03,ALA,A,38,,H,-45.809,-2.463,41.523,0.000000
517,H04,ALA,A,38,,H,-46.749,-2.856,40.063,2.831622
518,H06,ALA,A,38,,H,-44.575,-4.892,40.281,0.000000
519,N,ALA,A,39,,N,-48.224,-6.033,40.494,0.000000
520,CA,ALA,A,39,,C,-49.105,-5.857,41.629,0.000000
521,C,ALA,A,39,,C,-50.649,-5.805,41.353,2.104637
522,O,ALA,A,39,,O,-51.393,-5.706,42.321,3.522773
523,CB,ALA,A,39,,C,-48.723,-4.627,42.346,0.000000
524,H01,ALA,A,39,,H,-48.963,-6.769,42.208,7.079055
525,H02,ALA,A,39,,H,-47.930,-4.114,41.802,0.000000
526,H03,ALA,A,39,,H,-49.586,-3.966,42.424,0.000000
527,H05,ALA,A,39,,H,-48.498,-6.721,39.807,1.415811
528,N,ASN,A,40,,N,-51.127,-5.832,40.100,0.000000
529,CA,ASN,A,40,,C,-52.596,-5.802,39.785,0.000000
530,C,ASN,A,40,,C,-52.723,-6.815,38.685,0.000000
531,O,ASN,A,40,,O,-52.258,-6.549,37.570,0.000000
532,CB,ASN,A,40,,C,-53.042,-4.410,39.356,0.000000
533,CG,ASN,A,40,,C,-54.510,-4.346,38.932,4.209273
534,ND2,ASN,A,40,,N,-54.936,-5.264,38.077,7.844431
535,OD1,ASN,A,40,,O,-55.243,-3.470,39.376,5.284159
536,H01,ASN,A,40,,H,-53.233,-6.034,40.639,0.000000
537,H02,ASN,A,40,,H,-52.444,-4.135,38.487,1.415811
538,H03,ASN,A,40,,H,-52.893,-3.726,40.191,0.000000
539,H04,ASN,A,40,,H,-50.470,-5.874,39.334,0.000000
540,H05,ASN,A,40,,H,-55.898,-5.259,37.769,8.494867
541,H06,ASN,A,40,,H,-54.299,-5.969,37.734,0.000000
542,N,GLY,A,41,,N,-53.487,-7.887,38.892,0.000000
543,CA,GLY,A,41,,C,-54.613,-8.269,38.070,0.000000
544,C,GLY,A,41,,C,-53.775,-9.423,37.491,4.209273
545,O,GLY,A,41,,O,-52.940,-9.973,38.214,21.136635
546,H01,GLY,A,41,,H,-55.095,-7.545,37.413,1.415811
547,H02,GLY,A,41,,H,-55.490,-8.590,38.632,0.000000
548,H07,GLY,A,41,,H,-53.263,-8.476,39.681,11.326489
549,N,PRO,A,42,,N,-53.927,-9.768,36.206,0.000000
550,CA,PRO,A,42,,C,-52.907,-10.626,35.575,2.104637
551,C,PRO,A,42,,C,-51.566,-9.910,35.222,2.104637
552,O,PRO,A,42,,O,-50.710,-10.514,34.558,0.000000
553,CB,PRO,A,42,,C,-53.607,-11.108,34.292,0.000000
554,CG,PRO,A,42,,C,-54.489,-9.988,33.925,2.104637
555,CD,PRO,A,42,,C,-55.016,-9.458,35.271,4.209273
556,H01,PRO,A,42,,H,-54.152,-12.041,34.437,9.910678
557,H02,PRO,A,42,,H,-52.880,-11.304,33.504,0.000000
558,H03,PRO,A,42,,H,-52.596,-11.415,36.260,2.831622
559,H04,PRO,A,42,,H,-55.293,-10.295,33.256,14.158111
560,H05,PRO,A,42,,H,-53.932,-9.214,33.397,0.000000
561,H06,PRO,A,42,,H,-55.265,-8.397,35.243,8.494867
562,H07,PRO,A,42,,H,-55.936,-9.967,35.559,16.989733
563,N,TRP,A,43,,N,-51.381,-8.662,35.666,0.000000
564,CA,TRP,A,43,,C,-50.200,-7.855,35.307,0.000000
565,C,TRP,A,43,,C,-49.164,-7.721,36.441,2.104637
566,O,TRP,A,43,,O,-49.470,-7.211,37.535,1.761386
567,CB,TRP,A,43,,C,-50.623,-6.450,34.849,2.104637
568,CG,TRP,A,43,,C,-51.314,-6.444,33.535,4.209273
569,CD1,TRP,A,43,,C,-52.658,-6.381,33.322,10.523183
570,CD2,TRP,A,43,,C,-50.705,-6.524,32.251,2.104637
571,CE2,TRP,A,43,,C,-51.746,-6.516,31.294,4.209273
572,CE3,TRP,A,43,,C,-49.379,-6.615,31.809,4.209273
573,NE1,TRP,A,43,,N,-52.927,-6.425,31.979,5.883323
574,CZ2,TRP,A,43,,C,-51.505,-6.579,29.920,6.313910
575,CZ3,TRP,A,43,,C,-49.136,-6.688,30.431,8.418547
576,CH2,TRP,A,43,,C,-50.197,-6.662,29.509,10.523183
577,H01,TRP,A,43,,H,-49.717,-8.397,34.494,0.000000
578,H02,TRP,A,43,,H,-49.714,-5.859,34.738,1.415811
579,H03,TRP,A,43,,H,-51.296,-6.030,35.596,2.831622
580,H04,TRP,A,43,,H,-53.411,-6.306,34.107,4.247433
581,H05,TRP,A,43,,H,-48.554,-6.629,32.521,0.000000
582,H06,TRP,A,43,,H,-53.847,-6.395,31.563,22.652977
583,H07,TRP,A,43,,H,-52.324,-6.563,29.201,24.068789
584,H08,TRP,A,43,,H,-52.079,-8.255,36.272,0.000000
585,H09,TRP,A,43,,H,-48.111,-6.766,30.069,7.079055
586,H10,TRP,A,43,,H,-49.976,-6.709,28.443,25.484600
587,N,ARG,A,44,,N,-47.939,-8.179,36.174,0.000000
588,CA,ARG,A,44,,C,-46.832,-7.976,37.106,0.000000
589,C,ARG,A,44,,C,-45.774,-7.109,36.428,0.000000
590,O,ARG,A,44,,O,-45.378,-7.355,35.281,0.000000
591,CB,ARG,A,44,,C,-46.221,-9.309,37.530,0.000000
592,CG,ARG,A,44,,C,-45.892,-9.405,39.030,0.000000
593,CD,ARG,A,44,,C,-45.322,-10.796,39.423,4.209273
594,NE,ARG,A,44,,N,-43.859,-10.770,39.401,1.961108
595,CZ,ARG,A,44,,C,-43.063,-10.664,40.473,2.104637
596,NH1,ARG,A,44,,N,-43.559,-10.620,41.708,9.805539
597,NH2,ARG,A,44,,N,-41.742,-10.618,40.309,9.805539
598,H01,ARG,A,44,,H,-47.206,-7.481,38.002,0.000000
599,H02,ARG,A,44,,H,-45.275,-9.403,36.996,0.000000
600,H03,ARG,A,44,,H,-46.926,-10.103,37.283,4.247433
601,H04,ARG,A,44,,H,-46.819,-9.257,39.584,8.494867
602,H05,ARG,A,44,,H,-45.155,-8.641,39.277,0.000000
603,H06,ARG,A,44,,H,-45.674,-11.538,38.707,5.663244
604,H07,ARG,A,44,,H,-45.663,-11.055,40.426,11.326489
605,H08,ARG,A,44,,H,-43.410,-10.838,38.499,7.079055
606,H09,ARG,A,44,,H,-42.936,-10.547,42.500,11.326489
607,H10,ARG,A,44,,H,-44.558,-10.660,41.853,8.494867
608,H11,ARG,A,44,,H,-47.774,-8.676,35.310,0.000000
609,H12,ARG,A,44,,H,-41.347,-10.657,39.380,15.573922
610,H13,ARG,A,44,,H,-41.136,-10.545,41.113,14.158111
611,N,ILE,A,45,,N,-45.364,-6.070,37.140,0.000000
612,CA,ILE,A,45,,C,-44.299,-5.198,36.722,0.000000
613,C,ILE,A,45,,C,-43.196,-5.465,37.681,0.000000
614,O,ILE,A,45,,O,-43.421,-5.449,38.890,0.000000
615,CB,ILE,A,45,,C,-44.668,-3.724,36.882,0.000000
616,CG1,ILE,A,45,,C,-45.371,-3.205,35.630,4.209273
617,CG2,ILE,A,45,,C,-43.432,-2.876,37.169,2.104637
618,CD1,ILE,A,45,,C,-46.882,-3.333,35.689,6.313910
619,H01,ILE,A,45,,H,-44.058,-5.378,35.674,0.000000
620,H02,ILE,A,45,,H,-45.348,-3.644,37.730,0.000000
621,H03,ILE,A,45,,H,-45.030,-3.815,34.794,2.831622
622,H04,ILE,A,45,,H,-45.118,-2.153,35.502,14.158111
623,H05,ILE,A,45,,H,-42.627,-3.168,36.494,0.000000
624,H06,ILE,A,45,,H,-43.670,-1.823,37.016,12.742300
625,H07,ILE,A,45,,H,-43.115,-3.032,38.200,0.000000
626,H08,ILE,A,45,,H,-47.332,-2.654,34.965,19.821355
627,H09,ILE,A,45,,H,-47.170,-4.358,35.454,0.000000
628,H10,ILE,A,45,,H,-47.230,-3.078,36.690,1.415811
629,H14,ILE,A,45,,H,-45.822,-5.881,38.020,0.000000
630,N,ALA,A,46,,N,-41.994,-5.691,37.173,0.000000
631,CA,ALA,A,46,,C,-40.864,-5.922,38.053,0.000000
632,C,ALA,A,46,,C,-39.656,-5.068,37.642,0.000000
633,O,ALA,A,46,,O,-39.351,-4.931,36.440,0.000000
634,CB,ALA,A,46,,C,-40.528,-7.419,38.048,4.209273
635,H01,ALA,A,46,,H,-41.126,-5.621,39.067,0.000000
636,H02,ALA,A,46,,H,-39.579,-7.580,38.560,9.910678
637,H03,ALA,A,46,,H,-41.315,-7.970,38.562,0.000000
638,H04,ALA,A,46,,H,-40.449,-7.771,37.019,1.415811
639,H11,ALA,A,46,,H,-41.864,-5.703,36.171,0.000000
640,N,LEU,A,47,,N,-38.964,-4.494,38.619,0.000000
641,CA,LEU,A,47,,C,-37.613,-4.077,38.335,0.000000
642,C,LEU,A,47,,C,-36.591,-4.364,39.396,2.104637
643,O,LEU,A,47,,O,-36.857,-4.335,40.588,1.761386
644,CB,LEU,A,47,,C,-37.463,-2.628,37.843,0.000000
645,CG,LEU,A,47,,C,-38.268,-1.390,38.163,0.000000
646,CD1,LEU,A,47,,C,-39.694,-1.531,37.585,2.104637
647,CD2,LEU,A,47,,C,-38.190,-1.114,39.655,6.313910
648,H01,LEU,A,47,,H,-37.386,-4.739,37.499,0.000000
649,H02,LEU,A,47,,H,-37.851,-2.786,36.837,0.000000
650,H03,LEU,A,47,,H,-36.445,-2.359,38.124,7.079055
651,H04,LEU,A,47,,H,-37.856,-0.503,37.681,14.158111
652,H05,LEU,A,47,,H,-39.371,-4.354,39.533,0.000000
653,H06,LEU,A,47,,H,-40.343,-0.778,38.032,8.494867
654,H07,LEU,A,47,,H,-39.664,-1.389,36.505,4.247433
655,H08,LEU,A,47,,H,-40.082,-2.524,37.811,0.000000
656,H09,LEU,A,47,,H,-37.889,-0.079,39.817,24.068789
657,H10,LEU,A,47,,H,-39.167,-1.283,40.108,0.000000
658,H11,LEU,A,47,,H,-37.458,-1.781,40.111,4.247433
659,N,ALA,A,48,,N,-35.384,-4.610,38.898,0.000000
660,CA,ALA,A,48,,C,-34.313,-5.172,39.680,0.000000
661,C,ALA,A,48,,C,-33.019,-4.474,39.319,2.104637
662,O,ALA,A,48,,O,-32.797,-4.072,38.169,1.761386
663,CB,ALA,A,48,,C,-34.177,-6.672,39.381,2.104637
664,H01,ALA,A,48,,H,-34.530,-5.036,40.739,0.000000
665,H02,ALA,A,48,,H,-33.209,-7.026,39.736,7.079055
666,H03,ALA,A,48,,H,-34.972,-7.218,39.890,8.494867
667,H04,ALA,A,48,,H,-34.252,-6.837,38.306,0.000000
668,H12,ALA,A,48,,H,-35.210,-4.393,37.927,0.000000
669,N,TYR,A,49,,N,-32.157,-4.385,40.312,0.000000
670,CA,TYR,A,49,,C,-30.839,-3.932,40.109,0.000000
671,C,TYR,A,49,,C,-29.910,-4.898,40.782,0.000000
672,O,TYR,A,49,,O,-30.036,-5.164,41.944,0.000000
673,CB,TYR,A,49,,C,-30.673,-2.545,40.717,2.104637
674,CG,TYR,A,49,,C,-29.312,-1.994,40.460,2.104637
675,CD1,TYR,A,49,,C,-28.350,-2.029,41.431,4.209273
676,CD2,TYR,A,49,,C,-28.973,-1.484,39.196,6.313910
677,CE1,TYR,A,49,,C,-27.076,-1.524,41.167,6.313910
678,CE2,TYR,A,49,,C,-27.723,-0.973,38.936,6.313910
679,CZ,TYR,A,49,,C,-26.773,-1.004,39.918,4.209273
680,OH,TYR,A,49,,O,-25.505,-0.508,39.694,5.284159
681,H01,TYR,A,49,,H,-30.616,-3.873,39.044,0.000000
682,H02,TYR,A,49,,H,-30.810,-2.626,41.795,0.000000
683,H03,TYR,A,49,,H,-31.415,-1.876,40.281,14.158111
684,H04,TYR,A,49,,H,-28.578,-2.451,42.410,5.663244
685,H05,TYR,A,49,,H,-32.449,-4.648,41.242,0.000000
686,H06,TYR,A,49,,H,-29.719,-1.493,38.401,0.000000
687,H07,TYR,A,49,,H,-26.315,-1.538,41.947,11.326489
688,H08,TYR,A,49,,H,-27.493,-0.549,37.959,4.247433
689,H09,TYR,A,49,,H,-25.233,0.027,40.443,22.652977
690,N,TYR,A,50,,N,-28.944,-5.386,40.036,0.000000
691,CA,TYR,A,50,,C,-28.026,-6.411,40.507,0.000000
692,C,TYR,A,50,,C,-26.597,-5.967,40.185,0.000000
693,O,TYR,A,50,,O,-26.354,-5.138,39.320,0.000000
694,CB,TYR,A,50,,C,-28.416,-7.721,39.831,0.000000
695,CG,TYR,A,50,,C,-27.509,-8.894,40.031,0.000000
696,CD1,TYR,A,50,,C,-27.736,-9.816,41.043,2.104637
697,CD2,TYR,A,50,,C,-26.443,-9.134,39.157,0.000000
698,CE1,TYR,A,50,,C,-26.900,-10.899,41.216,2.104637
699,CE2,TYR,A,50,,C,-25.641,-10.249,39.292,0.000000
700,CZ,TYR,A,50,,C,-25.866,-11.112,40.326,0.000000
701,OH,TYR,A,50,,O,-25.060,-12.180,40.480,1.761386
702,H01,TYR,A,50,,H,-28.077,-6.561,41.585,0.000000
703,H02,TYR,A,50,,H,-28.367,-7.509,38.763,0.000000
704,H03,TYR,A,50,,H,-29.401,-8.001,40.203,1.415811
705,H04,TYR,A,50,,H,-28.587,-9.682,41.711,4.247433
706,H05,TYR,A,50,,H,-26.242,-8.426,38.353,0.000000
707,H06,TYR,A,50,,H,-27.055,-11.583,42.051,0.000000
708,H07,TYR,A,50,,H,-24.837,-10.439,38.581,0.000000
709,H08,TYR,A,50,,H,-24.858,-12.556,39.620,4.247433
710,H10,TYR,A,50,,H,-28.835,-5.034,39.096,0.000000
711,N,GLN,A,51,,N,-25.639,-6.509,40.897,0.000000
712,CA,GLN,A,51,,C,-24.268,-6.127,40.662,0.000000
713,C,GLN,A,51,,C,-23.396,-7.201,41.172,0.000000
714,O,GLN,A,51,,O,-23.660,-7.727,42.240,0.000000
715,CB,GLN,A,51,,C,-23.925,-4.826,41.374,0.000000
716,CG,GLN,A,51,,C,-22.417,-4.617,41.635,0.000000
717,CD,GLN,A,51,,C,-22.152,-3.272,42.202,0.000000
718,NE2,GLN,A,51,,N,-21.688,-3.194,43.466,3.922216
719,OE1,GLN,A,51,,O,-22.376,-2.292,41.516,7.045545
720,H01,GLN,A,51,,H,-24.122,-5.975,39.593,0.000000
721,H02,GLN,A,51,,H,-24.405,-4.872,42.352,0.000000
722,H03,GLN,A,51,,H,-24.283,-3.998,40.763,0.000000
723,H04,GLN,A,51,,H,-21.888,-4.702,40.686,0.000000
724,H05,GLN,A,51,,H,-22.069,-5.375,42.337,0.000000
725,H06,GLN,A,51,,H,-21.504,-2.292,43.882,9.910678
726,H07,GLN,A,51,,H,-21.524,-4.038,43.997,4.247433
727,H09,GLN,A,51,,H,-25.860,-7.192,41.608,0.000000
728,N,GLU,A,52,,N,-22.340,-7.474,40.413,0.000000
729,CA,GLU,A,52,,C,-21.452,-8.591,40.670,0.000000
730,C,GLU,A,52,,C,-20.001,-8.162,40.529,0.000000
731,O,GLU,A,52,,O,-19.632,-7.538,39.542,0.000000
732,CB,GLU,A,52,,C,-21.740,-9.699,39.669,0.000000
733,CG,GLU,A,52,,C,-20.893,-10.932,39.923,0.000000
734,CD,GLU,A,52,,C,-21.340,-12.118,39.111,0.000000
735,OE1,GLU,A,52,,O,-20.470,-12.959,38.777,1.761386
736,OE2,GLU,A,52,,O,-22.556,-12.200,38.818,0.000000
737,H01,GLU,A,52,,H,-21.620,-8.946,41.687,0.000000
738,H02,GLU,A,52,,H,-21.497,-9.324,38.675,0.000000
739,H03,GLU,A,52,,H,-22.792,-9.974,39.741,0.000000
740,H04,GLU,A,52,,H,-20.999,-11.194,40.976,0.000000
741,H05,GLU,A,52,,H,-19.858,-10.704,39.669,2.831622
742,H08,GLU,A,52,,H,-22.147,-6.877,39.622,0.000000
743,N,GLY,A,53,,N,-19.182,-8.524,41.500,0.000000
744,CA,GLY,A,53,,C,-17.795,-8.133,41.509,2.104637
745,C,GLY,A,53,,C,-17.073,-8.883,42.603,0.000000
746,O,GLY,A,53,,O,-17.680,-9.596,43.381,0.000000
747,H01,GLY,A,53,,H,-17.719,-7.061,41.690,2.831622
748,H02,GLY,A,53,,H,-17.343,-8.369,40.545,2.831622
749,H06,GLY,A,53,,H,-19.538,-9.090,42.257,0.000000
750,N,PRO,A,54,,N,-15.754,-8.740,42.664,0.000000
751,CA,PRO,A,54,,C,-14.998,-9.403,43.716,0.000000
752,C,PRO,A,54,,C,-15.383,-8.950,45.111,0.000000
753,O,PRO,A,54,,O,-16.049,-7.926,45.257,1.761386
754,CB,PRO,A,54,,C,-13.556,-9.013,43.399,0.000000
755,CG,PRO,A,54,,C,-13.584,-8.731,41.944,2.104637
756,CD,PRO,A,54,,C,-14.871,-8.026,41.738,0.000000
757,H01,PRO,A,54,,H,-12.839,-9.789,43.667,14.158111
758,H02,PRO,A,54,,H,-13.258,-8.128,43.962,0.000000
759,H03,PRO,A,54,,H,-15.180,-10.478,43.727,0.000000
760,H04,PRO,A,54,,H,-13.501,-9.635,41.341,18.405544
761,H05,PRO,A,54,,H,-12.745,-8.098,41.655,1.415811
762,H06,PRO,A,54,,H,-14.820,-6.952,41.916,0.000000
763,H07,PRO,A,54,,H,-15.215,-8.119,40.708,1.415811
764,N,VAL,A,55,,N,-14.957,-9.730,46.109,0.000000
765,CA,VAL,A,55,,C,-15.312,-9.501,47.505,0.000000
766,C,VAL,A,55,,C,-14.818,-8.120,47.933,0.000000
767,O,VAL,A,55,,O,-13.628,-7.813,47.805,3.522773
768,CB,VAL,A,55,,C,-14.703,-10.561,48.457,0.000000
769,CG1,VAL,A,55,,C,-15.325,-10.454,49.827,8.418547
770,CG2,VAL,A,55,,C,-14.909,-11.949,47.932,0.000000
771,H01,VAL,A,55,,H,-16.397,-9.572,47.576,0.000000
772,H02,VAL,A,55,,H,-13.632,-10.366,48.521,9.910678
773,H03,VAL,A,55,,H,-16.341,-10.849,49.796,1.415811
774,H04,VAL,A,55,,H,-14.734,-11.028,50.541,22.652977
775,H05,VAL,A,55,,H,-15.351,-9.408,50.134,4.247433
776,H06,VAL,A,55,,H,-15.772,-11.961,47.266,0.000000
777,H07,VAL,A,55,,H,-14.022,-12.266,47.383,0.000000
778,H08,VAL,A,55,,H,-14.361,-10.515,45.886,1.415811
779,H09,VAL,A,55,,H,-15.084,-12.631,48.764,1.415811
780,N,ASP,A,56,,N,-15.748,-7.306,48.446,0.000000
781,CA,ASP,A,56,,C,-15.501,-5.895,48.762,0.000000
782,C,ASP,A,56,,C,-14.301,-5.687,49.702,0.000000
783,O,ASP,A,56,,O,-13.903,-6.575,50.460,22.898022
784,CB,ASP,A,56,,C,-16.764,-5.225,49.333,4.209273
785,CG,ASP,A,56,,C,-17.868,-4.994,48.268,4.209273
786,OD1,ASP,A,56,,O,-17.610,-5.104,47.042,8.806931
787,OD2,ASP,A,56,,O,-19.014,-4.691,48.681,29.943567
788,H01,ASP,A,56,,H,-15.244,-5.413,47.819,0.000000
789,H02,ASP,A,56,,H,-16.468,-4.246,49.710,12.742300
790,H03,ASP,A,56,,H,-17.169,-5.861,50.120,11.326489
791,H10,ASP,A,56,,H,-16.668,-7.683,48.625,0.000000
792,N,TYR,A,57,,N,-13.783,-4.462,49.661,3.922216
793,CA,TYR,A,57,,C,-12.372,-4.128,49.944,0.000000
794,C,TYR,A,57,,C,-11.989,-2.963,49.025,4.209273
795,O,TYR,A,57,,O,-10.817,-2.806,48.649,8.806931
796,CB,TYR,A,57,,C,-11.430,-5.299,49.623,2.104637
797,CG,TYR,A,57,,C,-11.140,-5.495,48.135,0.000000
798,CD1,TYR,A,57,,C,-9.837,-5.720,47.694,8.418547
799,CD2,TYR,A,57,,C,-12.155,-5.430,47.169,0.000000
800,CE1,TYR,A,57,,C,-9.551,-5.897,46.356,6.313910
801,CE2,TYR,A,57,,C,-11.874,-5.603,45.822,0.000000
802,CZ,TYR,A,57,,C,-10.568,-5.841,45.431,2.104637
803,OH,TYR,A,57,,O,-10.264,-6.018,44.113,10.568318
804,H01,TYR,A,57,,H,-12.274,-3.887,51.002,22.652977
805,H02,TYR,A,57,,H,-11.937,-6.203,49.960,4.247433
806,H03,TYR,A,57,,H,-10.483,-5.124,50.134,15.573922
807,H04,TYR,A,57,,H,-14.402,-3.702,49.418,1.415811
808,H05,TYR,A,57,,H,-9.027,-5.757,48.422,18.405544
809,H06,TYR,A,57,,H,-13.182,-5.240,47.482,0.000000
810,H07,TYR,A,57,,H,-8.526,-6.080,46.034,19.821355
811,H08,TYR,A,57,,H,-12.672,-5.552,45.081,0.000000
812,H09,TYR,A,57,,H,-10.387,-5.191,43.642,0.000000
813,N,SER,A,58,,N,-12.990,-2.161,48.665,0.000000
814,CA,SER,A,58,,C,-12.905,-1.267,47.534,0.000000
815,C,SER,A,58,,C,-12.219,0.034,47.947,0.000000
816,O,SER,A,58,,O,-12.712,0.761,48.819,31.704953
817,CB,SER,A,58,,C,-14.313,-1.001,46.994,2.104637
818,OG,SER,A,58,,O,-14.279,-0.212,45.821,0.000000
819,H01,SER,A,58,,H,-12.309,-1.725,46.745,0.000000
820,H02,SER,A,58,,H,-14.873,-0.457,47.755,15.573922
821,H03,SER,A,58,,H,-14.792,-1.954,46.767,0.000000
822,H04,SER,A,58,,H,-15.060,0.346,45.787,15.573922
823,H10,SER,A,58,,H,-13.843,-2.179,49.205,7.079055
824,N,ALA,A,59,,N,-11.048,0.278,47.352,0.000000
825,CA,ALA,A,59,,C,-10.356,1.574,47.422,0.000000
826,C,ALA,A,59,,C,-10.794,2.651,46.394,2.104637
827,O,ALA,A,59,,O,-10.763,3.830,46.739,42.273271
828,CB,ALA,A,59,,C,-8.828,1.364,47.347,8.418547
829,H01,ALA,A,59,,H,-10.657,1.985,48.386,12.742300
830,H02,ALA,A,59,,H,-8.334,2.038,48.047,22.652977
831,H03,ALA,A,59,,H,-8.589,0.333,47.607,8.494867
832,H04,ALA,A,59,,H,-8.481,1.574,46.335,5.663244
833,H05,ALA,A,59,,H,-10.615,-0.467,46.826,0.000000
834,N,GLY,A,60,,N,-11.227,2.308,45.170,3.922216
835,CA,GLY,A,60,,C,-11.675,0.965,44.737,0.000000
836,C,GLY,A,60,,C,-10.822,0.192,43.739,0.000000
837,O,GLY,A,60,,O,-10.982,0.348,42.524,22.898022
838,H01,GLY,A,60,,H,-12.601,1.159,44.196,8.494867
839,H02,GLY,A,60,,H,-11.757,0.350,45.633,0.000000
840,H05,GLY,A,60,,H,-11.249,3.040,44.475,21.237166
841,N,LYS,A,61,,N,-9.944,-0.668,44.257,0.000000
842,CA,LYS,A,61,,C,-9.102,-1.533,43.436,0.000000
843,C,LYS,A,61,,C,-9.847,-2.834,43.144,2.104637
844,O,LYS,A,61,,O,-9.531,-3.863,43.734,3.522773
845,CB,LYS,A,61,,C,-7.779,-1.818,44.170,0.000000
846,CG,LYS,A,61,,C,-6.922,-0.567,44.407,0.000000
847,CD,LYS,A,61,,C,-5.421,-0.870,44.444,2.104637
848,CE,LYS,A,61,,C,-4.601,0.233,43.754,4.209273
849,NZ,LYS,A,61,,N,-3.157,0.196,44.141,9.805539
850,H01,LYS,A,61,,H,-8.874,-1.038,42.492,9.910678
851,H02,LYS,A,61,,H,-7.199,-2.485,43.532,11.326489
852,H03,LYS,A,61,,H,-9.858,-0.723,45.262,0.000000
853,H04,LYS,A,61,,H,-8.011,-2.265,45.137,4.247433
854,H05,LYS,A,61,,H,-7.197,-0.162,45.381,0.000000
855,H06,LYS,A,61,,H,-7.114,0.144,43.604,8.494867
856,H07,LYS,A,61,,H,-5.250,-1.805,43.910,12.742300
857,H08,LYS,A,61,,H,-5.102,-0.951,45.483,15.573922
858,H09,LYS,A,61,,H,-5.005,1.195,44.070,15.573922
859,H10,LYS,A,61,,H,-4.678,0.104,42.674,18.405544
860,H11,LYS,A,61,,H,-2.646,0.876,43.596,26.900411
861,H12,LYS,A,61,,H,-3.065,0.414,45.123,21.237166
862,H13,LYS,A,61,,H,-2.784,-0.726,43.964,19.821355
863,N,ARG,A,62,,N,-10.815,-2.798,42.225,0.000000
864,CA,ARG,A,62,,C,-11.874,-3.845,42.190,0.000000
865,C,ARG,A,62,,C,-11.596,-5.148,41.411,2.104637
866,O,ARG,A,62,,O,-11.361,-6.184,42.028,5.284159
867,CB,ARG,A,62,,C,-13.220,-3.255,41.746,0.000000
868,CG,ARG,A,62,,C,-14.155,-2.876,42.889,0.000000
869,CD,ARG,A,62,,C,-15.576,-2.731,42.360,0.000000
870,NE,ARG,A,62,,N,-16.496,-2.073,43.294,1.961108
871,CZ,ARG,A,62,,C,-17.773,-1.785,43.017,4.209273
872,NH1,ARG,A,62,,N,-18.305,-2.103,41.833,1.961108
873,NH2,ARG,A,62,,N,-18.524,-1.184,43.925,15.688862
874,H01,ARG,A,62,,H,-11.893,-4.173,43.229,0.000000
875,H02,ARG,A,62,,H,-13.727,-4.036,41.179,0.000000
876,H03,ARG,A,62,,H,-13.022,-2.360,41.157,2.831622
877,H04,ARG,A,62,,H,-13.832,-1.929,43.322,1.415811
878,H05,ARG,A,62,,H,-14.129,-3.653,43.653,0.000000
879,H06,ARG,A,62,,H,-15.957,-3.740,42.200,0.000000
880,H07,ARG,A,62,,H,-15.542,-2.145,41.441,2.831622
881,H08,ARG,A,62,,H,-16.142,-1.821,44.206,0.000000
882,H09,ARG,A,62,,H,-19.271,-1.882,41.638,1.415811
883,H10,ARG,A,62,,H,-17.741,-2.564,41.133,0.000000
884,H11,ARG,A,62,,H,-18.133,-0.941,44.824,14.158111
885,H12,ARG,A,62,,H,-19.489,-0.968,43.719,9.910678
886,H14,ARG,A,62,,H,-10.829,-2.051,41.545,1.415811
887,N,GLY,A,63,,N,-11.653,-5.116,40.083,0.000000
888,CA,GLY,A,63,,C,-11.561,-6.334,39.268,2.104637
889,C,GLY,A,63,,C,-12.820,-6.354,38.450,0.000000
890,O,GLY,A,63,,O,-13.831,-5.861,38.927,0.000000
891,H01,GLY,A,63,,H,-11.459,-7.229,39.882,9.910678
892,H02,GLY,A,63,,H,-10.684,-6.297,38.621,7.079055
893,H13,GLY,A,63,,H,-11.763,-4.225,39.620,0.000000
894,N,THR,A,64,,N,-12.788,-6.874,37.222,0.000000
895,CA,THR,A,64,,C,-13.967,-6.760,36.371,0.000000
896,C,THR,A,64,,C,-15.230,-6.998,37.197,0.000000
897,O,THR,A,64,,O,-15.402,-8.032,37.841,12.329704
898,CB,THR,A,64,,C,-13.954,-7.716,35.166,0.000000
899,CG2,THR,A,64,,C,-15.226,-7.591,34.369,0.000000
900,OG1,THR,A,64,,O,-12.871,-7.372,34.293,0.000000
901,H01,THR,A,64,,H,-13.955,-5.747,35.968,0.000000
902,H02,THR,A,64,,H,-13.850,-8.732,35.548,1.415811
903,H03,THR,A,64,,H,-11.958,-7.341,36.886,5.663244
904,H04,THR,A,64,,H,-15.976,-7.068,34.963,0.000000
905,H05,THR,A,64,,H,-15.030,-7.029,33.456,0.000000
906,H06,THR,A,64,,H,-15.594,-8.584,34.113,5.663244
907,H07,THR,A,64,,H,-12.686,-6.433,34.367,0.000000
908,N,TRP,A,65,,N,-16.099,-6.020,37.232,0.000000
909,CA,TRP,A,65,,C,-17.379,-6.217,37.874,0.000000
910,C,TRP,A,65,,C,-18.421,-5.853,36.854,0.000000
911,O,TRP,A,65,,O,-18.075,-5.530,35.711,0.000000
912,CB,TRP,A,65,,C,-17.518,-5.382,39.124,0.000000
913,CG,TRP,A,65,,C,-17.360,-3.912,38.908,0.000000
914,CD1,TRP,A,65,,C,-16.202,-3.217,38.933,0.000000
915,CD2,TRP,A,65,,C,-18.399,-2.956,38.687,0.000000
916,CE2,TRP,A,65,,C,-17.782,-1.698,38.581,0.000000
917,CE3,TRP,A,65,,C,-19.790,-3.038,38.597,0.000000
918,NE1,TRP,A,65,,N,-16.439,-1.897,38.709,0.000000
919,CZ2,TRP,A,65,,C,-18.507,-0.510,38.351,6.313910
920,CZ3,TRP,A,65,,C,-20.510,-1.873,38.366,0.000000
921,CH2,TRP,A,65,,C,-19.867,-0.619,38.231,4.209273
922,H01,TRP,A,65,,H,-17.490,-7.251,38.201,0.000000
923,H02,TRP,A,65,,H,-16.711,-5.686,39.791,0.000000
924,H03,TRP,A,65,,H,-18.507,-5.560,39.545,0.000000
925,H04,TRP,A,65,,H,-15.218,-3.652,39.108,0.000000
926,H05,TRP,A,65,,H,-20.300,-3.995,38.706,0.000000
927,H06,TRP,A,65,,H,-15.732,-1.178,38.647,11.326489
928,H07,TRP,A,65,,H,-18.006,0.455,38.272,14.158111
929,H08,TRP,A,65,,H,-15.876,-5.129,36.811,0.000000
930,H09,TRP,A,65,,H,-21.596,-1.925,38.287,0.000000
931,H10,TRP,A,65,,H,-20.462,0.272,38.029,15.573922
932,N,PHE,A,66,,N,-19.694,-5.974,37.212,0.000000
933,CA,PHE,A,66,,C,-20.738,-5.522,36.290,0.000000
934,C,PHE,A,66,,C,-22.042,-5.249,37.016,0.000000
935,O,PHE,A,66,,O,-22.381,-5.912,37.984,0.000000
936,CB,PHE,A,66,,C,-20.928,-6.478,35.097,0.000000
937,CG,PHE,A,66,,C,-21.615,-7.759,35.441,0.000000
938,CD1,PHE,A,66,,C,-20.905,-8.836,35.922,0.000000
939,CD2,PHE,A,66,,C,-22.977,-7.884,35.303,0.000000
940,CE1,PHE,A,66,,C,-21.546,-10.046,36.245,0.000000
941,CE2,PHE,A,66,,C,-23.629,-9.087,35.617,0.000000
942,CZ,PHE,A,66,,C,-22.932,-10.162,36.096,0.000000
943,H01,PHE,A,66,,H,-20.397,-4.576,35.869,0.000000
944,H02,PHE,A,66,,H,-19.930,-6.743,34.747,0.000000
945,H03,PHE,A,66,,H,-21.519,-5.965,34.338,0.000000
946,H04,PHE,A,66,,H,-19.827,-8.750,36.055,4.247433
947,H05,PHE,A,66,,H,-23.560,-7.036,34.944,0.000000
948,H06,PHE,A,66,,H,-20.964,-10.892,36.611,0.000000
949,H07,PHE,A,66,,H,-24.707,-9.166,35.477,0.000000
950,H08,PHE,A,66,,H,-23.445,-11.088,36.356,0.000000
951,H11,PHE,A,66,,H,-19.939,-6.372,38.107,0.000000
952,N,ASP,A,67,,N,-22.768,-4.256,36.528,0.000000
953,CA,ASP,A,67,,C,-24.069,-3.918,37.058,0.000000
954,C,ASP,A,67,,C,-25.111,-4.312,36.032,0.000000
955,O,ASP,A,67,,O,-24.753,-4.585,34.889,0.000000
956,CB,ASP,A,67,,C,-24.076,-2.432,37.384,0.000000
957,CG,ASP,A,67,,C,-24.653,-1.586,36.304,0.000000
958,OD1,ASP,A,67,,O,-25.295,-0.584,36.717,22.898022
959,OD2,ASP,A,67,,O,-24.471,-1.897,35.088,5.284159
960,H01,ASP,A,67,,H,-24.300,-4.454,37.979,0.000000
961,H02,ASP,A,67,,H,-23.036,-2.128,37.506,0.000000
962,H03,ASP,A,67,,H,-24.662,-2.281,38.291,0.000000
963,H09,ASP,A,67,,H,-22.400,-3.716,35.758,0.000000
964,N,ARG,A,68,,N,-26.381,-4.344,36.431,0.000000
965,CA,ARG,A,68,,C,-27.421,-5.051,35.662,0.000000
966,C,ARG,A,68,,C,-28.880,-4.602,35.912,0.000000
967,O,ARG,A,68,,O,-29.676,-5.330,36.496,1.761386
968,CB,ARG,A,68,,C,-27.314,-6.558,35.957,0.000000
969,CG,ARG,A,68,,C,-28.081,-7.438,34.981,0.000000
970,CD,ARG,A,68,,C,-27.831,-8.899,35.253,0.000000
971,NE,ARG,A,68,,N,-28.389,-9.343,36.529,0.000000
972,CZ,ARG,A,68,,C,-28.605,-10.620,36.867,0.000000
973,NH1,ARG,A,68,,N,-28.332,-11.605,36.016,1.961108
974,NH2,ARG,A,68,,N,-29.125,-10.916,38.055,3.922216
975,H01,ARG,A,68,,H,-27.221,-4.802,34.620,0.000000
976,H02,ARG,A,68,,H,-27.758,-6.718,36.940,0.000000
977,H03,ARG,A,68,,H,-26.262,-6.841,35.920,0.000000
978,H04,ARG,A,68,,H,-26.639,-3.870,37.285,0.000000
979,H05,ARG,A,68,,H,-27.740,-7.212,33.971,0.000000
980,H06,ARG,A,68,,H,-29.147,-7.234,35.080,0.000000
981,H07,ARG,A,68,,H,-26.752,-9.043,35.300,0.000000
982,H08,ARG,A,68,,H,-28.282,-9.485,34.452,0.000000
983,H09,ARG,A,68,,H,-28.630,-8.633,37.206,1.415811
984,H10,ARG,A,68,,H,-28.510,-12.564,36.279,8.494867
985,H11,ARG,A,68,,H,-27.947,-11.394,35.106,0.000000
986,H12,ARG,A,68,,H,-29.347,-10.177,38.707,2.831622
987,H13,ARG,A,68,,H,-29.298,-11.879,38.305,12.742300
988,N,PRO,A,69,,N,-29.252,-3.400,35.483,0.000000
989,CA,PRO,A,69,,C,-30.666,-3.113,35.598,0.000000
990,C,PRO,A,69,,C,-31.526,-4.182,34.996,0.000000
991,O,PRO,A,69,,O,-31.125,-4.799,34.046,0.000000
992,CB,PRO,A,69,,C,-30.814,-1.798,34.821,4.209273
993,CG,PRO,A,69,,C,-29.554,-1.119,35.126,4.209273
994,CD,PRO,A,69,,C,-28.518,-2.222,35.008,2.104637
995,H01,PRO,A,69,,H,-31.699,-1.224,35.095,22.652977
996,H02,PRO,A,69,,H,-30.918,-1.979,33.751,4.247433
997,H03,PRO,A,69,,H,-29.556,-0.642,36.106,7.079055
998,H04,PRO,A,69,,H,-29.358,-0.321,34.410,21.237166
999,H05,PRO,A,69,,H,-28.119,-2.337,34.000,0.000000
1000,H06,PRO,A,69,,H,-27.651,-2.018,35.636,0.000000
1001,H14,PRO,A,69,,H,-30.989,-3.055,36.638,0.000000
1002,N,GLU,A,70,,N,-32.692,-4.404,35.576,0.000000
1003,CA,GLU,A,70,,C,-33.661,-5.297,34.974,0.000000
1004,C,GLU,A,70,,C,-35.070,-4.707,35.102,2.104637
1005,O,GLU,A,70,,O,-35.440,-4.108,36.127,1.761386
1006,CB,GLU,A,70,,C,-33.579,-6.691,35.602,0.000000
1007,CG,GLU,A,70,,C,-34.557,-7.677,35.013,0.000000
1008,CD,GLU,A,70,,C,-34.300,-9.105,35.453,0.000000
1009,OE1,GLU,A,70,,O,-34.408,-9.401,36.686,17.613863
1010,OE2,GLU,A,70,,O,-33.994,-9.932,34.549,0.000000
1011,H01,GLU,A,70,,H,-33.432,-5.403,33.914,0.000000
1012,H02,GLU,A,70,,H,-33.832,-6.582,36.657,0.000000
1013,H03,GLU,A,70,,H,-32.570,-7.077,35.456,1.415811
1014,H04,GLU,A,70,,H,-34.438,-7.645,33.930,0.000000
1015,H05,GLU,A,70,,H,-35.564,-7.394,35.321,0.000000
1016,H07,GLU,A,70,,H,-32.910,-3.946,36.449,0.000000
1017,N,LEU,A,71,,N,-35.816,-4.858,34.024,0.000000
1018,CA,LEU,A,71,,C,-37.232,-4.638,34.020,0.000000
1019,C,LEU,A,71,,C,-37.901,-5.848,33.361,0.000000
1020,O,LEU,A,71,,O,-37.383,-6.394,32.383,1.761386
1021,CB,LEU,A,71,,C,-37.596,-3.365,33.238,2.104637
1022,CG,LEU,A,71,,C,-39.103,-3.168,32.967,0.000000
1023,CD1,LEU,A,71,,C,-39.831,-2.622,34.216,0.000000
1024,CD2,LEU,A,71,,C,-39.296,-2.256,31.797,12.627820
1025,H01,LEU,A,71,,H,-37.577,-4.511,35.046,0.000000
1026,H02,LEU,A,71,,H,-37.124,-3.466,32.261,0.000000
1027,H03,LEU,A,71,,H,-37.240,-2.506,33.806,9.910678
1028,H04,LEU,A,71,,H,-39.540,-4.139,32.733,0.000000
1029,H05,LEU,A,71,,H,-40.833,-3.048,34.267,0.000000
1030,H06,LEU,A,71,,H,-35.369,-5.141,33.164,0.000000
1031,H07,LEU,A,71,,H,-39.274,-2.898,35.111,0.000000
1032,H08,LEU,A,71,,H,-39.901,-1.536,34.151,9.910678
1033,H09,LEU,A,71,,H,-40.030,-1.491,32.050,18.405544
1034,H10,LEU,A,71,,H,-38.348,-1.780,31.546,14.158111
1035,H11,LEU,A,71,,H,-39.652,-2.831,30.942,15.573922
1036,N,GLU,A,72,,N,-39.050,-6.249,33.912,0.000000
1037,CA,GLU,A,72,,C,-39.895,-7.284,33.298,0.000000
1038,C,GLU,A,72,,C,-41.352,-7.020,33.581,0.000000
1039,O,GLU,A,72,,O,-41.722,-6.371,34.570,0.000000
1040,CB,GLU,A,72,,C,-39.589,-8.704,33.798,0.000000
1041,CG,GLU,A,72,,C,-38.146,-9.002,34.212,0.000000
1042,CD,GLU,A,72,,C,-37.817,-10.485,34.198,2.104637
1043,OE1,GLU,A,72,,O,-36.618,-10.821,34.188,3.522773
1044,OE2,GLU,A,72,,O,-38.745,-11.321,34.176,8.806931
1045,H01,GLU,A,72,,H,-39.674,-7.232,32.232,1.415811
1046,H02,GLU,A,72,,H,-39.775,-9.351,32.940,0.000000
1047,H03,GLU,A,72,,H,-40.225,-8.892,34.663,4.247433
1048,H04,GLU,A,72,,H,-38.023,-8.651,35.237,0.000000
1049,H05,GLU,A,72,,H,-37.474,-8.490,33.523,0.000000
1050,H12,GLU,A,72,,H,-39.348,-5.827,34.780,0.000000
1051,N,VAL,A,73,,N,-42.172,-7.547,32.691,0.000000
1052,CA,VAL,A,73,,C,-43.586,-7.587,32.909,0.000000
1053,C,VAL,A,73,,C,-44.049,-8.995,32.637,0.000000
1054,O,VAL,A,73,,O,-43.592,-9.665,31.716,0.000000
1055,CB,VAL,A,73,,C,-44.375,-6.515,32.097,0.000000
1056,CG1,VAL,A,73,,C,-43.437,-5.691,31.244,8.418547
1057,CG2,VAL,A,73,,C,-45.545,-7.149,31.290,4.209273
1058,H01,VAL,A,73,,H,-43.798,-7.321,33.945,0.000000
1059,H02,VAL,A,73,,H,-44.844,-5.827,32.800,1.415811
1060,H03,VAL,A,73,,H,-42.485,-6.212,31.145,4.247433
1061,H04,VAL,A,73,,H,-43.875,-5.546,30.257,16.989733
1062,H05,VAL,A,73,,H,-43.273,-4.722,31.715,5.663244
1063,H06,VAL,A,73,,H,-41.793,-7.931,31.837,0.000000
1064,H07,VAL,A,73,,H,-46.378,-6.447,31.246,4.247433
1065,H08,VAL,A,73,,H,-45.208,-7.376,30.278,12.742300
1066,H09,VAL,A,73,,H,-45.870,-8.067,31.780,0.000000
1067,N,HIS,A,74,,N,-44.934,-9.443,33.510,1.961108
1068,CA,HIS,A,74,,C,-45.516,-10.740,33.411,0.000000
1069,C,HIS,A,74,,C,-47.033,-10.607,33.226,0.000000
1070,O,HIS,A,74,,O,-47.697,-9.835,33.926,0.000000
1071,CB,HIS,A,74,,C,-45.199,-11.528,34.681,0.000000
1072,CG,HIS,A,74,,C,-45.796,-12.896,34.679,2.104637
1073,CD2,HIS,A,74,,C,-47.016,-13.333,35.071,4.209273
1074,ND1,HIS,A,74,,N,-45.147,-13.982,34.142,5.883323
1075,CE1,HIS,A,74,,C,-45.930,-15.039,34.228,2.104637
1076,NE2,HIS,A,74,,N,-47.071,-14.671,34.782,0.000000
1077,H01,HIS,A,74,,H,-45.105,-11.270,32.552,0.000000
1078,H02,HIS,A,74,,H,-45.631,-10.984,35.520,0.000000
1079,H03,HIS,A,74,,H,-44.117,-11.620,34.773,4.247433
1080,H04,HIS,A,74,,H,-47.804,-12.735,35.529,1.415811
1081,H05,HIS,A,74,,H,-45.678,-16.047,33.898,0.000000
1082,H06,HIS,A,74,,H,-47.857,-15.278,34.963,0.000000
1083,H10,HIS,A,74,,H,-45.208,-8.844,34.276,0.000000
1084,N,TYR,A,75,,N,-47.563,-11.393,32.301,0.000000
1085,CA,TYR,A,75,,C,-48.999,-11.523,32.080,0.000000
1086,C,TYR,A,75,,C,-49.462,-12.920,32.460,0.000000
1087,O,TYR,A,75,,O,-49.011,-13.917,31.868,0.000000
1088,CB,TYR,A,75,,C,-49.330,-11.302,30.606,2.104637
1089,CG,TYR,A,75,,C,-50.799,-11.294,30.317,0.000000
1090,CD1,TYR,A,75,,C,-51.318,-11.987,29.232,8.418547
1091,CD2,TYR,A,75,,C,-51.684,-10.595,31.128,0.000000
1092,CE1,TYR,A,75,,C,-52.683,-11.974,28.967,8.418547
1093,CE2,TYR,A,75,,C,-53.039,-10.570,30.868,0.000000
1094,CZ,TYR,A,75,,C,-53.538,-11.256,29.790,4.209273
1095,OH,TYR,A,75,,O,-54.893,-11.229,29.538,22.898022
1096,H01,TYR,A,75,,H,-49.503,-10.777,32.694,0.000000
1097,H02,TYR,A,75,,H,-48.900,-12.137,30.053,0.000000
1098,H03,TYR,A,75,,H,-48.912,-10.344,30.298,7.079055
1099,H04,TYR,A,75,,H,-50.648,-12.548,28.580,1.415811
1100,H05,TYR,A,75,,H,-51.299,-10.053,31.991,0.000000
1101,H06,TYR,A,75,,H,-53.080,-12.526,28.115,1.415811
1102,H07,TYR,A,75,,H,-46.939,-11.931,31.717,0.000000
1103,H08,TYR,A,75,,H,-53.710,-10.007,31.517,1.415811
1104,H09,TYR,A,75,,H,-55.253,-12.114,29.628,18.405544
1105,N,GLN,A,76,,N,-50.376,-12.993,33.424,0.000000
1106,CA,GLN,A,76,,C,-50.987,-14.275,33.785,0.000000
1107,C,GLN,A,76,,C,-52.244,-14.538,32.951,0.000000
1108,O,GLN,A,76,,O,-53.334,-14.116,33.322,1.761386
1109,CB,GLN,A,76,,C,-51.302,-14.342,35.290,0.000000
1110,CG,GLN,A,76,,C,-51.480,-15.764,35.801,0.000000
1111,CD,GLN,A,76,,C,-50.163,-16.545,35.897,2.104637
1112,NE2,GLN,A,76,,N,-50.008,-17.583,35.049,0.000000
1113,OE1,GLN,A,76,,O,-49.304,-16.233,36.737,26.420794
1114,H01,GLN,A,76,,H,-50.263,-15.059,33.563,0.000000
1115,H02,GLN,A,76,,H,-52.246,-13.820,35.447,4.247433
1116,H03,GLN,A,76,,H,-50.483,-13.876,35.837,4.247433
1117,H04,GLN,A,76,,H,-52.113,-16.287,35.084,0.000000
1118,H05,GLN,A,76,,H,-51.931,-15.722,36.792,5.663244
1119,H06,GLN,A,76,,H,-49.163,-18.136,35.076,2.831622
1120,H07,GLN,A,76,,H,-50.737,-17.807,34.387,0.000000
1121,H10,GLN,A,76,,H,-50.652,-12.154,33.913,0.000000
1122,N,PHE,A,77,,N,-52.077,-15.234,31.827,0.000000
1123,CA,PHE,A,77,,C,-53.200,-15.605,30.981,0.000000
1124,C,PHE,A,77,,C,-54.311,-16.247,31.798,0.000000
1125,O,PHE,A,77,,O,-55.197,-15.529,32.290,15.852477
1126,CB,PHE,A,77,,C,-52.756,-16.550,29.873,0.000000
1127,CG,PHE,A,77,,C,-52.144,-15.851,28.711,2.104637
1128,CD1,PHE,A,77,,C,-50.773,-15.841,28.535,0.000000
1129,CD2,PHE,A,77,,C,-52.948,-15.193,27.793,6.313910
1130,CE1,PHE,A,77,,C,-50.220,-15.188,27.457,4.209273
1131,CE2,PHE,A,77,,C,-52.402,-14.536,26.715,12.627820
1132,CZ,PHE,A,77,,C,-51.044,-14.526,26.543,8.418547
1133,H01,PHE,A,77,,H,-53.587,-14.692,30.528,0.000000
1134,H02,PHE,A,77,,H,-53.648,-17.060,29.509,5.663244
1135,H03,PHE,A,77,,H,-52.024,-17.245,30.284,0.000000
1136,H04,PHE,A,77,,H,-50.129,-16.351,29.251,0.000000
1137,H05,PHE,A,77,,H,-54.030,-15.196,27.928,14.158111
1138,H06,PHE,A,77,,H,-49.139,-15.187,27.316,1.415811
1139,H07,PHE,A,77,,H,-53.048,-14.025,26.001,21.237166
1140,H08,PHE,A,77,,H,-51.145,-15.512,31.555,0.000000
1141,H09,PHE,A,77,,H,-50.606,-14.002,25.694,19.821355
1142,N,LEU,A,78,,N,-54.256,-17.576,31.957,0.000000
1143,CA,LEU,A,78,,C,-55.203,-18.288,32.808,0.000000
1144,C,LEU,A,78,,C,-54.539,-18.745,34.104,0.000000
1145,O,LEU,A,78,,O,-53.477,-19.331,34.054,0.000000
1146,CB,LEU,A,78,,C,-55.782,-19.499,32.068,2.104637
1147,CG,LEU,A,78,,C,-57.267,-19.801,32.361,0.000000
1148,CD1,LEU,A,78,,C,-57.617,-19.519,33.825,2.104637
1149,CD2,LEU,A,78,,C,-58.234,-19.037,31.411,12.627820
1150,H01,LEU,A,78,,H,-56.011,-17.600,33.056,0.000000
1151,H02,LEU,A,78,,H,-55.222,-20.365,32.422,0.000000
1152,H03,LEU,A,78,,H,-55.678,-19.322,30.998,7.079055
1153,H04,LEU,A,78,,H,-57.404,-20.865,32.171,8.494867
1154,H05,LEU,A,78,,H,-58.655,-19.796,34.010,9.910678
1155,H06,LEU,A,78,,H,-56.964,-20.103,34.474,0.000000
1156,H07,LEU,A,78,,H,-57.483,-18.458,34.033,7.079055
1157,H08,LEU,A,78,,H,-59.121,-18.732,31.966,16.989733
1158,H09,LEU,A,78,,H,-57.732,-18.154,31.014,14.158111
1159,H10,LEU,A,78,,H,-53.539,-18.099,31.475,0.000000
1160,H11,LEU,A,78,,H,-58.527,-19.689,30.588,24.068789
1161,N,GLU,A,79,,N,-55.156,-18.452,35.256,0.000000
1162,CA,GLU,A,79,,C,-54.867,-19.158,36.524,0.000000
1163,C,GLU,A,79,,C,-56.090,-19.959,37.008,0.000000
1164,O,GLU,A,79,,O,-57.210,-19.443,37.033,14.091090
1165,CB,GLU,A,79,,C,-54.403,-18.219,37.648,0.000000
1166,CG,GLU,A,79,,C,-54.367,-18.949,39.022,0.000000
1167,CD,GLU,A,79,,C,-53.536,-18.270,40.109,8.418547
1168,OE1,GLU,A,79,,O,-53.297,-18.930,41.143,45.796043
1169,OE2,GLU,A,79,,O,-53.117,-17.100,39.951,33.466339
1170,H01,GLU,A,79,,H,-54.045,-19.837,36.298,0.000000
1171,H02,GLU,A,79,,H,-55.111,-17.393,37.718,12.742300
1172,H03,GLU,A,79,,H,-53.403,-17.853,37.414,0.000000
1173,H04,GLU,A,79,,H,-53.886,-19.910,38.836,0.000000
1174,H05,GLU,A,79,,H,-55.391,-19.032,39.385,8.494867
1175,H12,GLU,A,79,,H,-55.849,-17.717,35.259,5.663244
1176,N,ASN,A,80,,N,-55.847,-21.212,37.399,0.000000
1177,CA,ASN,A,80,,C,-56.857,-22.100,37.974,0.000000
1178,C,ASN,A,80,,C,-56.245,-23.476,38.301,2.104637
1179,O,ASN,A,80,,O,-55.390,-23.988,37.558,1.761386
1180,CB,ASN,A,80,,C,-58.058,-22.273,37.029,2.104637
1181,CG,ASN,A,80,,C,-57.707,-23.046,35.761,2.104637
1182,ND2,ASN,A,80,,N,-58.125,-22.533,34.611,11.766647
1183,OD1,ASN,A,80,,O,-57.085,-24.102,35.825,0.000000
1184,H01,ASN,A,80,,H,-57.212,-21.639,38.895,12.742300
1185,H02,ASN,A,80,,H,-58.383,-21.278,36.726,2.831622
1186,H03,ASN,A,80,,H,-58.844,-22.811,37.559,18.405544
1187,H04,ASN,A,80,,H,-57.926,-23.010,33.743,9.910678
1188,H05,ASN,A,80,,H,-58.642,-21.665,34.603,4.247433
1189,H06,ASN,A,80,,H,-54.908,-21.569,37.291,0.000000
1190,N,ASP,A,81,,N,-56.706,-24.067,39.403,1.961108
1191,CA,ASP,A,81,,C,-56.232,-25.371,39.907,0.000000
1192,C,ASP,A,81,,C,-55.960,-26.442,38.831,0.000000
1193,O,ASP,A,81,,O,-55.167,-27.333,39.053,0.000000
1194,CB,ASP,A,81,,C,-57.249,-25.909,40.923,6.313910
1195,CG,ASP,A,81,,C,-56.709,-27.061,41.763,0.000000
1196,OD1,ASP,A,81,,O,-56.668,-26.933,42.999,35.227726
1197,OD2,ASP,A,81,,O,-56.352,-28.106,41.198,0.000000
1198,H01,ASP,A,81,,H,-55.260,-25.177,40.361,12.742300
1199,H02,ASP,A,81,,H,-58.099,-26.292,40.358,11.326489
1200,H03,ASP,A,81,,H,-57.535,-25.097,41.591,14.158111
1201,H06,ASP,A,81,,H,-57.427,-23.592,39.927,7.079055
1202,N,ASP,A,82,,N,-56.626,-26.374,37.682,0.000000
1203,CA,ASP,A,82,,C,-56.399,-27.348,36.613,0.000000
1204,C,ASP,A,82,,C,-55.143,-27.019,35.828,0.000000
1205,O,ASP,A,82,,O,-54.160,-27.748,35.916,1.761386
1206,CB,ASP,A,82,,C,-57.603,-27.440,35.663,2.104637
1207,CG,ASP,A,82,,C,-58.655,-28.396,36.162,8.418547
1208,OD1,ASP,A,82,,O,-59.006,-29.326,35.401,42.273271
1209,OD2,ASP,A,82,,O,-59.104,-28.238,37.323,24.659408
1210,H01,ASP,A,82,,H,-56.268,-28.319,37.092,0.000000
1211,H02,ASP,A,82,,H,-57.243,-27.813,34.704,8.494867
1212,H03,ASP,A,82,,H,-58.048,-26.450,35.563,4.247433
1213,H04,ASP,A,82,,H,-57.302,-25.636,37.544,1.415811
1214,N,PHE,A,83,,N,-55.171,-25.918,35.076,0.000000
1215,CA,PHE,A,83,,C,-54.087,-25.582,34.156,0.000000
1216,C,PHE,A,83,,C,-53.794,-24.075,34.082,0.000000
1217,O,PHE,A,83,,O,-54.232,-23.420,33.140,0.000000
1218,CB,PHE,A,83,,C,-54.403,-26.178,32.764,2.104637
1219,CG,PHE,A,83,,C,-53.601,-25.577,31.614,0.000000
1220,CD1,PHE,A,83,,C,-54.202,-25.366,30.374,12.627820
1221,CD2,PHE,A,83,,C,-52.250,-25.224,31.764,0.000000
1222,CE1,PHE,A,83,,C,-53.477,-24.812,29.306,12.627820
1223,CE2,PHE,A,83,,C,-51.521,-24.662,30.700,4.209273
1224,CZ,PHE,A,83,,C,-52.132,-24.462,29.475,8.418547
1225,H01,PHE,A,83,,H,-53.169,-26.025,34.543,0.000000
1226,H02,PHE,A,83,,H,-55.449,-25.947,32.562,7.079055
1227,H03,PHE,A,83,,H,-54.198,-27.248,32.798,8.494867
1228,H04,PHE,A,83,,H,-55.965,-25.298,35.145,0.000000
1229,H05,PHE,A,83,,H,-55.249,-25.635,30.231,19.821355
1230,H06,PHE,A,83,,H,-51.757,-25.388,32.722,0.000000
1231,H07,PHE,A,83,,H,-53.963,-24.654,28.343,24.068789
1232,H08,PHE,A,83,,H,-50.476,-24.385,30.841,1.415811
1233,H09,PHE,A,83,,H,-51.569,-24.034,28.646,8.494867
1234,N,SER,A,84,,N,-53.031,-23.556,35.058,0.000000
1235,CA,SER,A,84,,C,-52.466,-22.180,35.013,0.000000
1236,C,SER,A,84,,C,-51.470,-21.990,33.850,0.000000
1237,O,SER,A,84,,O,-50.698,-22.902,33.559,0.000000
1238,CB,SER,A,84,,C,-51.706,-21.840,36.304,4.209273
1239,OG,SER,A,84,,O,-52.551,-21.598,37.403,8.806931
1240,H01,SER,A,84,,H,-53.326,-21.524,34.881,0.000000
1241,H02,SER,A,84,,H,-51.150,-20.921,36.117,4.247433
1242,H03,SER,A,84,,H,-51.050,-22.675,36.549,0.000000
1243,H04,SER,A,84,,H,-52.669,-20.652,37.514,1.415811
1244,H10,SER,A,84,,H,-52.830,-24.130,35.865,0.000000
1245,N,PHE,A,85,,N,-51.465,-20.804,33.227,0.000000
1246,CA,PHE,A,85,,C,-50.540,-20.477,32.130,0.000000
1247,C,PHE,A,85,,C,-50.166,-18.995,32.148,0.000000
1248,O,PHE,A,85,,O,-51.001,-18.129,32.446,0.000000
1249,CB,PHE,A,85,,C,-51.186,-20.827,30.805,0.000000
1250,CG,PHE,A,85,,C,-50.250,-20.761,29.625,0.000000
1251,CD1,PHE,A,85,,C,-50.164,-19.605,28.846,4.209273
1252,CD2,PHE,A,85,,C,-49.484,-21.872,29.261,0.000000
1253,CE1,PHE,A,85,,C,-49.317,-19.546,27.726,6.313910
1254,CE2,PHE,A,85,,C,-48.628,-21.818,28.151,2.104637
1255,CZ,PHE,A,85,,C,-48.547,-20.641,27.385,8.418547
1256,H01,PHE,A,85,,H,-49.628,-21.058,32.262,0.000000
1257,H02,PHE,A,85,,H,-51.964,-20.084,30.630,2.831622
1258,H03,PHE,A,85,,H,-51.580,-21.841,30.873,0.000000
1259,H04,PHE,A,85,,H,-50.764,-18.734,29.111,0.000000
1260,H05,PHE,A,85,,H,-52.127,-20.101,33.524,0.000000
1261,H06,PHE,A,85,,H,-49.552,-22.790,29.845,0.000000
1262,H07,PHE,A,85,,H,-49.268,-18.637,27.127,7.079055
1263,H08,PHE,A,85,,H,-48.027,-22.687,27.883,18.405544
1264,H09,PHE,A,85,,H,-47.879,-20.593,26.525,14.158111
1265,N,GLY,A,86,,N,-48.912,-18.693,31.817,0.000000
1266,CA,GLY,A,86,,C,-48.351,-17.363,32.089,0.000000
1267,C,GLY,A,86,,C,-47.169,-17.003,31.211,0.000000
1268,O,GLY,A,86,,O,-46.600,-17.866,30.553,0.000000
1269,H01,GLY,A,86,,H,-47.988,-17.377,33.117,0.000000
1270,H02,GLY,A,86,,H,-49.134,-16.621,31.933,0.000000
1271,H10,GLY,A,86,,H,-48.336,-19.392,31.370,0.000000
1272,N,LEU,A,87,,N,-46.804,-15.720,31.195,0.000000
1273,CA,LEU,A,87,,C,-45.820,-15.217,30.235,0.000000
1274,C,LEU,A,87,,C,-45.040,-14.033,30.778,0.000000
1275,O,LEU,A,87,,O,-45.568,-13.233,31.550,0.000000
1276,CB,LEU,A,87,,C,-46.502,-14.805,28.933,0.000000
1277,CG,LEU,A,87,,C,-45.578,-14.788,27.715,0.000000
1278,CD1,LEU,A,87,,C,-45.380,-16.207,27.140,0.000000
1279,CD2,LEU,A,87,,C,-46.083,-13.805,26.639,10.523183
1280,H01,LEU,A,87,,H,-45.121,-16.033,30.050,0.000000
1281,H02,LEU,A,87,,H,-46.850,-13.782,29.074,1.415811
1282,H03,LEU,A,87,,H,-47.216,-15.081,31.860,0.000000
1283,H04,LEU,A,87,,H,-47.314,-15.505,28.736,0.000000
1284,H05,LEU,A,87,,H,-44.603,-14.432,28.047,0.000000
1285,H06,LEU,A,87,,H,-44.388,-16.571,27.407,0.000000
1286,H07,LEU,A,87,,H,-46.135,-16.876,27.553,0.000000
1287,H08,LEU,A,87,,H,-45.476,-16.176,26.055,9.910678
1288,H09,LEU,A,87,,H,-46.977,-13.298,27.002,8.494867
1289,H10,LEU,A,87,,H,-45.309,-13.068,26.428,12.742300
1290,H11,LEU,A,87,,H,-46.321,-14.354,25.728,12.742300
1291,N,THR,A,88,,N,-43.771,-13.945,30.381,0.000000
1292,CA,THR,A,88,,C,-42.919,-12.837,30.757,0.000000
1293,C,THR,A,88,,C,-42.042,-12.405,29.586,0.000000
1294,O,THR,A,88,,O,-41.390,-13.207,28.917,0.000000
1295,CB,THR,A,88,,C,-41.988,-13.199,31.913,0.000000
1296,CG2,THR,A,88,,C,-41.157,-11.970,32.346,0.000000
1297,OG1,THR,A,88,,O,-42.761,-13.707,33.010,7.045545
1298,H01,THR,A,88,,H,-43.587,-12.031,31.061,0.000000
1299,H02,THR,A,88,,H,-41.293,-13.972,31.585,0.000000
1300,H03,THR,A,88,,H,-40.228,-11.941,31.776,0.000000
1301,H04,THR,A,88,,H,-41.727,-11.060,32.157,0.000000
1302,H05,THR,A,88,,H,-40.928,-12.042,33.409,2.831622
1303,H06,THR,A,88,,H,-42.860,-13.023,33.676,2.831622
1304,H12,THR,A,88,,H,-43.391,-14.677,29.798,0.000000
1305,N,GLY,A,89,,N,-42.076,-11.111,29.339,1.961108
1306,CA,GLY,A,89,,C,-41.086,-10.454,28.530,0.000000
1307,C,GLY,A,89,,C,-40.186,-9.734,29.481,2.104637
1308,O,GLY,A,89,,O,-40.622,-9.271,30.540,0.000000
1309,H01,GLY,A,89,,H,-41.545,-9.767,27.819,21.237166
1310,H02,GLY,A,89,,H,-40.521,-11.186,27.954,0.000000
1311,H07,GLY,A,89,,H,-42.826,-10.560,29.733,4.247433
1312,N,GLY,A,90,,N,-38.912,-9.675,29.125,1.961108
1313,CA,GLY,A,90,,C,-37.904,-9.119,30.008,0.000000
1314,C,GLY,A,90,,C,-36.902,-8.401,29.155,2.104637
1315,O,GLY,A,90,,O,-36.688,-8.761,27.981,1.761386
1316,H01,GLY,A,90,,H,-37.421,-9.909,30.583,0.000000
1317,H02,GLY,A,90,,H,-38.365,-8.422,30.708,1.415811
1318,H03,GLY,A,90,,H,-38.636,-10.025,28.219,1.415811
1319,N,PHE,A,91,,N,-36.327,-7.365,29.748,1.961108
1320,CA,PHE,A,91,,C,-35.227,-6.655,29.193,0.000000
1321,C,PHE,A,91,,C,-34.214,-6.545,30.286,0.000000
1322,O,PHE,A,91,,O,-34.584,-6.327,31.447,0.000000
1323,CB,PHE,A,91,,C,-35.639,-5.236,28.768,4.209273
1324,CG,PHE,A,91,,C,-34.473,-4.325,28.526,4.209273
1325,CD1,PHE,A,91,,C,-33.860,-3.661,29.596,4.209273
1326,CD2,PHE,A,91,,C,-33.938,-4.198,27.248,2.104637
1327,CE1,PHE,A,91,,C,-32.772,-2.873,29.399,10.523183
1328,CE2,PHE,A,91,,C,-32.845,-3.413,27.025,8.418547
1329,CZ,PHE,A,91,,C,-32.257,-2.736,28.099,6.313910
1330,H01,PHE,A,91,,H,-34.848,-7.173,28.312,0.000000
1331,H02,PHE,A,91,,H,-36.216,-4.809,29.589,1.415811
1332,H03,PHE,A,91,,H,-36.689,-7.064,30.641,0.000000
1333,H04,PHE,A,91,,H,-36.221,-5.305,27.849,2.831622
1334,H05,PHE,A,91,,H,-34.262,-3.779,30.602,2.831622
1335,H06,PHE,A,91,,H,-34.397,-4.732,26.416,0.000000
1336,H07,PHE,A,91,,H,-32.305,-2.355,30.237,8.494867
1337,H08,PHE,A,91,,H,-32.434,-3.314,26.020,1.415811
1338,H09,PHE,A,91,,H,-31.392,-2.096,27.926,9.910678
1339,N,ARG,A,92,,N,-32.928,-6.641,29.930,0.000000
1340,CA,ARG,A,92,,C,-31.867,-6.577,30.941,0.000000
1341,C,ARG,A,92,,C,-30.640,-5.973,30.318,0.000000
1342,O,ARG,A,92,,O,-30.450,-6.163,29.090,0.000000
1343,CB,ARG,A,92,,C,-31.539,-7.982,31.382,0.000000
1344,CG,ARG,A,92,,C,-31.274,-8.112,32.834,0.000000
1345,CD,ARG,A,92,,C,-30.732,-9.483,33.098,0.000000
1346,NE,ARG,A,92,,N,-31.154,-9.999,34.388,0.000000
1347,CZ,ARG,A,92,,C,-31.071,-11.274,34.735,0.000000
1348,NH1,ARG,A,92,,N,-30.563,-12.180,33.891,0.000000
1349,NH2,ARG,A,92,,N,-31.487,-11.643,35.933,5.883323
1350,H01,ARG,A,92,,H,-32.192,-5.977,31.791,0.000000
1351,H02,ARG,A,92,,H,-30.621,-8.267,30.868,0.000000
1352,H03,ARG,A,92,,H,-32.380,-8.627,31.127,0.000000
1353,H04,ARG,A,92,,H,-32.195,-7.961,33.396,0.000000
1354,H05,ARG,A,92,,H,-30.546,-7.362,33.144,0.000000
1355,H06,ARG,A,92,,H,-29.644,-9.418,33.103,0.000000
1356,H07,ARG,A,92,,H,-31.084,-10.157,32.317,0.000000
1357,H08,ARG,A,92,,H,-31.533,-9.347,35.060,0.000000
1358,H09,ARG,A,92,,H,-30.501,-13.149,34.168,4.247433
1359,H10,ARG,A,92,,H,-32.685,-6.759,28.957,0.000000
1360,H11,ARG,A,92,,H,-30.242,-11.894,32.977,0.000000
1361,H12,ARG,A,92,,H,-31.866,-10.957,36.570,5.663244
1362,H13,ARG,A,92,,H,-31.426,-12.612,36.213,15.573922
1363,N,ASN,A,93,,N,-29.819,-5.272,31.118,0.000000
1364,CA,ASN,A,93,,C,-28.600,-4.672,30.599,0.000000
1365,C,ASN,A,93,,C,-27.398,-5.049,31.448,0.000000
1366,O,ASN,A,93,,O,-27.347,-4.803,32.688,0.000000
1367,CB,ASN,A,93,,C,-28.697,-3.122,30.440,2.104637
1368,CG,ASN,A,93,,C,-27.394,-2.478,29.812,4.209273
1369,ND2,ASN,A,93,,N,-26.534,-1.980,30.691,9.805539
1370,OD1,ASN,A,93,,O,-27.173,-2.454,28.571,1.761386
1371,H01,ASN,A,93,,H,-28.466,-5.081,29.597,0.000000
1372,H02,ASN,A,93,,H,-28.818,-2.701,31.438,2.831622
1373,H03,ASN,A,93,,H,-29.544,-2.891,29.794,0.000000
1374,H04,ASN,A,93,,H,-25.674,-1.558,30.372,0.000000
1375,H05,ASN,A,93,,H,-26.740,-2.023,31.679,1.415811
1376,H14,ASN,A,93,,H,-30.052,-5.160,32.094,0.000000
1377,N,TYR,A,94,,N,-26.415,-5.671,30.799,0.000000
1378,CA,TYR,A,94,,C,-25.185,-5.944,31.515,0.000000
1379,C,TYR,A,94,,C,-24.228,-4.801,31.255,0.000000
1380,O,TYR,A,94,,O,-23.950,-4.461,30.118,0.000000
1381,CB,TYR,A,94,,C,-24.594,-7.266,31.102,0.000000
1382,CG,TYR,A,94,,C,-25.440,-8.478,31.454,0.000000
1383,CD1,TYR,A,94,,C,-26.552,-8.808,30.699,0.000000
1384,CD2,TYR,A,94,,C,-25.102,-9.303,32.522,0.000000
1385,CE1,TYR,A,94,,C,-27.329,-9.941,30.990,0.000000
1386,CE2,TYR,A,94,,C,-25.853,-10.442,32.822,0.000000
1387,CZ,TYR,A,94,,C,-26.975,-10.754,32.042,0.000000
1388,OH,TYR,A,94,,O,-27.739,-11.857,32.314,0.000000
1389,H01,TYR,A,94,,H,-25.385,-6.019,32.584,0.000000
1390,H02,TYR,A,94,,H,-23.661,-7.372,31.655,0.000000
1391,H03,TYR,A,94,,H,-24.452,-7.252,30.021,0.000000
1392,H04,TYR,A,94,,H,-26.831,-8.173,29.858,0.000000
1393,H05,TYR,A,94,,H,-24.236,-9.056,33.136,0.000000
1394,H06,TYR,A,94,,H,-26.524,-5.945,29.833,0.000000
1395,H07,TYR,A,94,,H,-28.206,-10.175,30.387,0.000000
1396,H08,TYR,A,94,,H,-25.569,-11.083,33.656,0.000000
1397,H09,TYR,A,94,,H,-27.900,-11.911,33.259,0.000000
1398,N,GLY,A,95,,N,-23.763,-4.185,32.319,0.000000
1399,CA,GLY,A,95,,C,-22.893,-3.048,32.215,0.000000
1400,C,GLY,A,95,,C,-21.580,-3.469,32.783,0.000000
1401,O,GLY,A,95,,O,-21.360,-3.426,33.994,0.000000
1402,H01,GLY,A,95,,H,-23.298,-2.190,32.751,0.000000
1403,H02,GLY,A,95,,H,-22.777,-2.756,31.171,0.000000
1404,H10,GLY,A,95,,H,-24.025,-4.521,33.235,0.000000
1405,N,TYR,A,96,,N,-20.714,-3.925,31.895,0.000000
1406,CA,TYR,A,96,,C,-19.426,-4.451,32.314,0.000000
1407,C,TYR,A,96,,C,-18.465,-3.321,32.486,0.000000
1408,O,TYR,A,96,,O,-18.519,-2.348,31.774,0.000000
1409,CB,TYR,A,96,,C,-18.924,-5.447,31.312,0.000000
1410,CG,TYR,A,96,,C,-19.431,-6.835,31.585,0.000000
1411,CD1,TYR,A,96,,C,-20.414,-7.413,30.827,0.000000
1412,CD2,TYR,A,96,,C,-18.858,-7.594,32.570,0.000000
1413,CE1,TYR,A,96,,C,-20.842,-8.717,31.080,0.000000
1414,CE2,TYR,A,96,,C,-19.262,-8.886,32.829,4.209273
1415,CZ,TYR,A,96,,C,-20.250,-9.443,32.093,2.104637
1416,OH,TYR,A,96,,O,-20.638,-10.750,32.400,1.761386
1417,H01,TYR,A,96,,H,-19.530,-4.967,33.269,0.000000
1418,H02,TYR,A,96,,H,-17.836,-5.470,31.381,0.000000
1419,H03,TYR,A,96,,H,-20.950,-3.908,30.913,0.000000
1420,H04,TYR,A,96,,H,-19.253,-5.142,30.318,0.000000
1421,H05,TYR,A,96,,H,-20.869,-6.847,30.014,0.000000
1422,H06,TYR,A,96,,H,-18.056,-7.162,33.169,0.000000
1423,H07,TYR,A,96,,H,-21.639,-9.159,30.481,0.000000
1424,H08,TYR,A,96,,H,-18.786,-9.458,33.626,5.663244
1425,H09,TYR,A,96,,H,-20.692,-10.853,33.353,0.000000
1426,N,HIS,A,97,,N,-17.644,-3.442,33.505,0.000000
1427,CA,HIS,A,97,,C,-16.494,-2.579,33.737,0.000000
1428,C,HIS,A,97,,C,-15.285,-3.486,33.907,0.000000
1429,O,HIS,A,97,,O,-15.123,-4.047,34.967,0.000000
1430,CB,HIS,A,97,,C,-16.688,-1.815,35.040,0.000000
1431,CG,HIS,A,97,,C,-17.848,-0.864,35.010,0.000000
1432,CD2,HIS,A,97,,C,-17.901,0.481,35.159,2.104637
1433,ND1,HIS,A,97,,N,-19.149,-1.282,34.839,0.000000
1434,CE1,HIS,A,97,,C,-19.945,-0.230,34.840,0.000000
1435,NE2,HIS,A,97,,N,-19.211,0.848,35.034,3.922216
1436,H01,HIS,A,97,,H,-16.369,-1.877,32.912,0.000000
1437,H02,HIS,A,97,,H,-15.789,-1.219,35.198,4.247433
1438,H03,HIS,A,97,,H,-16.852,-2.535,35.842,0.000000
1439,H04,HIS,A,97,,H,-17.057,1.146,35.344,18.405544
1440,H05,HIS,A,97,,H,-21.026,-0.249,34.704,7.079055
1441,H06,HIS,A,97,,H,-19.561,1.794,35.082,28.316222
1442,H10,HIS,A,97,,H,-17.822,-4.181,34.170,0.000000
1443,N,TYR,A,98,,N,-14.451,-3.628,32.884,0.000000
1444,CA,TYR,A,98,,C,-13.200,-4.403,32.985,0.000000
1445,C,TYR,A,98,,C,-12.170,-3.622,33.770,0.000000
1446,O,TYR,A,98,,O,-12.203,-2.412,33.757,10.568318
1447,CB,TYR,A,98,,C,-12.728,-4.779,31.576,0.000000
1448,CG,TYR,A,98,,C,-13.828,-5.594,30.915,0.000000
1449,CD1,TYR,A,98,,C,-14.721,-5.002,30.048,0.000000
1450,CD2,TYR,A,98,,C,-14.031,-6.922,31.247,0.000000
1451,CE1,TYR,A,98,,C,-15.739,-5.724,29.484,0.000000
1452,CE2,TYR,A,98,,C,-15.069,-7.632,30.718,0.000000
1453,CZ,TYR,A,98,,C,-15.906,-7.028,29.833,0.000000
1454,OH,TYR,A,98,,O,-16.939,-7.707,29.268,0.000000
1455,H01,TYR,A,98,,H,-13.364,-5.332,33.531,0.000000
1456,H02,TYR,A,98,,H,-11.806,-5.358,31.627,0.000000
1457,H03,TYR,A,98,,H,-12.536,-3.876,30.996,0.000000
1458,H04,TYR,A,98,,H,-14.616,-3.944,29.808,0.000000
1459,H05,TYR,A,98,,H,-13.349,-7.410,31.944,0.000000
1460,H06,TYR,A,98,,H,-16.409,-5.258,28.762,0.000000
1461,H07,TYR,A,98,,H,-14.682,-3.189,32.004,0.000000
1462,H08,TYR,A,98,,H,-15.226,-8.673,31.002,2.831622
1463,H09,TYR,A,98,,H,-17.218,-8.413,29.856,2.831622
1464,N,VAL,A,99,,N,-11.286,-4.281,34.496,0.000000
1465,CA,VAL,A,99,,C,-10.286,-3.521,35.280,0.000000
1466,C,VAL,A,99,,C,-8.801,-3.710,34.893,0.000000
1467,O,VAL,A,99,,O,-8.088,-2.699,34.700,19.375249
1468,CB,VAL,A,99,,C,-10.484,-3.716,36.767,0.000000
1469,CG1,VAL,A,99,,C,-9.328,-3.152,37.521,8.418547
1470,CG2,VAL,A,99,,C,-11.786,-3.053,37.181,0.000000
1471,H01,VAL,A,99,,H,-10.494,-2.487,35.005,5.663244
1472,H02,VAL,A,99,,H,-10.539,-4.780,36.998,0.000000
1473,H03,VAL,A,99,,H,-8.514,-2.936,36.829,2.831622
1474,H04,VAL,A,99,,H,-9.633,-2.233,38.021,11.326489
1475,H05,VAL,A,99,,H,-8.990,-3.875,38.264,9.910678
1476,H06,VAL,A,99,,H,-12.572,-3.806,37.246,0.000000
1477,H07,VAL,A,99,,H,-11.659,-2.576,38.153,4.247433
1478,H08,VAL,A,99,,H,-12.063,-2.302,36.441,5.663244
1479,H10,VAL,A,99,,H,-11.292,-5.291,34.516,0.000000
1480,N,ASP,A,100,,N,-8.320,-4.952,34.777,0.000000
1481,CA,ASP,A,100,,C,-7.030,-5.163,34.081,0.000000
1482,C,ASP,A,100,,C,-7.182,-6.215,33.012,0.000000
1483,O,ASP,A,100,,O,-6.455,-7.194,33.021,14.091090
1484,CB,ASP,A,100,,C,-5.903,-5.576,35.031,0.000000
1485,CG,ASP,A,100,,C,-5.470,-4.469,35.967,6.313910
1486,OD1,ASP,A,100,,O,-5.702,-3.268,35.672,24.659408
1487,OD2,ASP,A,100,,O,-4.871,-4.822,37.013,44.034657
1488,H01,ASP,A,100,,H,-6.756,-4.205,33.638,8.494867
1489,H02,ASP,A,100,,H,-5.041,-5.832,34.415,14.158111
1490,H03,ASP,A,100,,H,-6.246,-6.420,35.629,14.158111
1491,H09,ASP,A,100,,H,-8.830,-5.736,35.159,4.247433
1492,N,GLU,A,101,,N,-8.127,-6.039,32.096,0.000000
1493,CA,GLU,A,101,,C,-8.263,-6.985,31.003,0.000000
1494,C,GLU,A,101,,C,-7.804,-6.271,29.733,0.000000
1495,O,GLU,A,101,,O,-8.569,-5.570,29.087,0.000000
1496,CB,GLU,A,101,,C,-9.695,-7.563,30.909,0.000000
1497,CG,GLU,A,101,,C,-10.112,-8.540,32.081,0.000000
1498,CD,GLU,A,101,,C,-11.392,-9.375,31.783,2.104637
1499,OE1,GLU,A,101,,O,-11.652,-9.715,30.580,8.806931
1500,OE2,GLU,A,101,,O,-12.140,-9.696,32.758,0.000000
1501,H01,GLU,A,101,,H,-7.637,-7.862,31.167,2.831622
1502,H02,GLU,A,101,,H,-9.717,-8.161,29.998,4.247433
1503,H03,GLU,A,101,,H,-10.395,-6.728,30.902,0.000000
1504,H04,GLU,A,101,,H,-8.751,-5.247,32.160,0.000000
1505,H05,GLU,A,101,,H,-10.336,-7.917,32.947,1.415811
1506,H06,GLU,A,101,,H,-9.287,-9.229,32.264,11.326489
1507,N,PRO,A,102,,N,-6.529,-6.436,29.366,1.961108
1508,CA,PRO,A,102,,C,-6.086,-5.740,28.177,0.000000
1509,C,PRO,A,102,,C,-7.092,-5.893,27.053,0.000000
1510,O,PRO,A,102,,O,-7.752,-6.916,26.958,14.091090
1511,CB,PRO,A,102,,C,-4.763,-6.444,27.827,6.313910
1512,CG,PRO,A,102,,C,-4.714,-7.671,28.710,4.209273
1513,CD,PRO,A,102,,C,-5.449,-7.263,29.925,2.104637
1514,H01,PRO,A,102,,H,-3.903,-5.794,27.989,21.237166
1515,H02,PRO,A,102,,H,-4.749,-6.730,26.775,15.573922
1516,H03,PRO,A,102,,H,-3.695,-7.995,28.924,22.652977
1517,H04,PRO,A,102,,H,-5.202,-8.518,28.227,18.405544
1518,H05,PRO,A,102,,H,-5.803,-8.100,30.526,8.494867
1519,H06,PRO,A,102,,H,-4.815,-6.686,30.597,15.573922
1520,H07,PRO,A,102,,H,-5.972,-4.667,28.329,11.326489
1521,N,GLY,A,103,,N,-7.208,-4.866,26.216,1.961108
1522,CA,GLY,A,103,,C,-8.127,-4.907,25.091,4.209273
1523,C,GLY,A,103,,C,-9.554,-4.627,25.506,4.209273
1524,O,GLY,A,103,,O,-10.448,-4.669,24.676,29.943567
1525,H01,GLY,A,103,,H,-8.093,-5.912,24.669,15.573922
1526,H02,GLY,A,103,,H,-7.821,-4.159,24.360,19.821355
1527,H07,GLY,A,103,,H,-6.646,-4.040,26.365,15.573922
1528,N,LYS,A,104,,N,-9.768,-4.327,26.790,0.000000
1529,CA,LYS,A,104,,C,-11.123,-4.136,27.333,0.000000
1530,C,LYS,A,104,,C,-11.246,-2.952,28.285,0.000000
1531,O,LYS,A,104,,O,-10.388,-2.733,29.123,14.091090
1532,CB,LYS,A,104,,C,-11.604,-5.400,28.016,0.000000
1533,CG,LYS,A,104,,C,-12.087,-6.447,27.023,0.000000
1534,CD,LYS,A,104,,C,-12.349,-7.804,27.683,0.000000
1535,CE,LYS,A,104,,C,-12.641,-8.833,26.627,0.000000
1536,NZ,LYS,A,104,,N,-12.653,-10.196,27.177,1.961108
1537,H01,LYS,A,104,,H,-11.757,-3.909,26.476,2.831622
1538,H02,LYS,A,104,,H,-12.447,-5.133,28.654,0.000000
1539,H03,LYS,A,104,,H,-8.975,-4.228,27.408,2.831622
1540,H04,LYS,A,104,,H,-10.782,-5.820,28.597,0.000000
1541,H05,LYS,A,104,,H,-11.301,-6.586,26.280,1.415811
1542,H06,LYS,A,104,,H,-13.012,-6.096,26.565,0.000000
1543,H07,LYS,A,104,,H,-13.206,-7.720,28.352,0.000000
1544,H08,LYS,A,104,,H,-11.470,-8.107,28.252,0.000000
1545,H09,LYS,A,104,,H,-11.852,-8.779,25.877,16.989733
1546,H10,LYS,A,104,,H,-13.616,-8.621,26.188,0.000000
1547,H11,LYS,A,104,,H,-13.431,-10.295,27.813,11.326489
1548,H12,LYS,A,104,,H,-12.748,-10.863,26.424,22.652977
1549,H13,LYS,A,104,,H,-11.790,-10.367,27.673,12.742300
1550,N,ASP,A,105,,N,-12.300,-2.170,28.100,0.000000
1551,CA,ASP,A,105,,C,-12.627,-1.095,29.012,0.000000
1552,C,ASP,A,105,,C,-14.031,-1.236,29.671,0.000000
1553,O,ASP,A,105,,O,-14.190,-1.082,30.889,7.045545
1554,CB,ASP,A,105,,C,-12.527,0.255,28.291,2.104637
1555,CG,ASP,A,105,,C,-11.168,0.489,27.688,6.313910
1556,OD1,ASP,A,105,,O,-10.895,-0.121,26.614,29.943567
1557,OD2,ASP,A,105,,O,-10.392,1.288,28.283,44.034657
1558,H01,ASP,A,105,,H,-11.898,-1.151,29.821,4.247433
1559,H02,ASP,A,105,,H,-12.700,1.038,29.030,11.326489
1560,H03,ASP,A,105,,H,-13.272,0.283,27.496,8.494867
1561,H14,ASP,A,105,,H,-12.893,-2.329,27.298,4.247433
1562,N,THR,A,106,,N,-15.029,-1.556,28.873,0.000000
1563,CA,THR,A,106,,C,-16.414,-1.327,29.261,0.000000
1564,C,THR,A,106,,C,-17.305,-1.966,28.220,0.000000
1565,O,THR,A,106,,O,-16.980,-1.945,27.019,15.852477
1566,CB,THR,A,106,,C,-16.695,0.182,29.244,0.000000
1567,CG2,THR,A,106,,C,-18.149,0.487,29.075,6.313910
1568,OG1,THR,A,106,,O,-16.200,0.774,30.445,15.852477
1569,H01,THR,A,106,,H,-16.597,-1.741,30.253,0.000000
1570,H02,THR,A,106,,H,-16.179,0.606,28.383,8.494867
1571,H03,THR,A,106,,H,-18.692,0.170,29.965,4.247433
1572,H04,THR,A,106,,H,-14.830,-1.969,27.973,0.000000
1573,H05,THR,A,106,,H,-18.282,1.559,28.932,24.068789
1574,H06,THR,A,106,,H,-18.534,-0.046,28.206,2.831622
1575,H07,THR,A,106,,H,-15.970,0.084,31.071,1.415811
1576,N,ALA,A,107,,N,-18.408,-2.542,28.652,0.000000
1577,CA,ALA,A,107,,C,-19.351,-3.078,27.676,0.000000
1578,C,ALA,A,107,,C,-20.792,-2.881,28.138,0.000000
1579,O,ALA,A,107,,O,-21.058,-2.680,29.335,0.000000
1580,CB,ALA,A,107,,C,-19.060,-4.540,27.370,0.000000
1581,H01,ALA,A,107,,H,-19.223,-2.519,26.749,2.831622
1582,H02,ALA,A,107,,H,-18.092,-4.813,27.789,0.000000
1583,H03,ALA,A,107,,H,-19.836,-5.166,27.812,0.000000
1584,H04,ALA,A,107,,H,-19.043,-4.689,26.290,0.000000
1585,H08,ALA,A,107,,H,-18.598,-2.611,29.642,0.000000
1586,N,ASN,A,108,,N,-21.698,-2.899,27.162,0.000000
1587,CA,ASN,A,108,,C,-23.111,-2.935,27.432,0.000000
1588,C,ASN,A,108,,C,-23.798,-3.913,26.515,0.000000
1589,O,ASN,A,108,,O,-24.021,-3.636,25.349,0.000000
1590,CB,ASN,A,108,,C,-23.726,-1.548,27.354,4.209273
1591,CG,ASN,A,108,,C,-23.295,-0.652,28.529,8.418547
1592,ND2,ASN,A,108,,N,-23.723,-1.006,29.739,1.961108
1593,OD1,ASN,A,108,,O,-22.555,0.307,28.350,26.420794
1594,H01,ASN,A,108,,H,-23.257,-3.283,28.454,0.000000
1595,H02,ASN,A,108,,H,-24.809,-1.660,27.400,1.415811
1596,H03,ASN,A,108,,H,-23.415,-1.078,26.421,14.158111
1597,H04,ASN,A,108,,H,-23.455,-0.464,30.548,14.158111
1598,H05,ASN,A,108,,H,-21.383,-2.887,26.202,0.000000
1599,H06,ASN,A,108,,H,-24.316,-1.816,29.848,0.000000
1600,N,MET,A,109,,N,-24.110,-5.083,27.054,0.000000
1601,CA,MET,A,109,,C,-24.884,-6.063,26.333,0.000000
1602,C,MET,A,109,,C,-26.267,-6.129,26.933,0.000000
1603,O,MET,A,109,,O,-26.418,-6.133,28.163,0.000000
1604,CB,MET,A,109,,C,-24.219,-7.430,26.462,0.000000
1605,CG,MET,A,109,,C,-24.992,-8.590,25.910,0.000000
1606,SD,MET,A,109,,S,-24.135,-10.081,26.332,0.000000
1607,CE,MET,A,109,,C,-24.191,-9.950,28.115,0.000000
1608,H01,MET,A,109,,H,-24.944,-5.784,25.281,0.000000
1609,H02,MET,A,109,,H,-24.134,-7.616,27.533,0.000000
1610,H03,MET,A,109,,H,-23.263,-7.387,25.941,0.000000
1611,H04,MET,A,109,,H,-25.080,-8.501,24.827,0.000000
1612,H05,MET,A,109,,H,-25.993,-8.605,26.341,0.000000
1613,H06,MET,A,109,,H,-25.109,-9.444,28.413,0.000000
1614,H07,MET,A,109,,H,-23.798,-5.293,27.991,0.000000
1615,H08,MET,A,109,,H,-24.168,-10.947,28.554,0.000000
1616,H09,MET,A,109,,H,-23.332,-9.378,28.465,0.000000
1617,N,GLN,A,110,,N,-27.264,-6.184,26.057,0.000000
1618,CA,GLN,A,110,,C,-28.646,-6.334,26.442,0.000000
1619,C,GLN,A,110,,C,-29.029,-7.783,26.286,0.000000
1620,O,GLN,A,110,,O,-28.461,-8.495,25.457,0.000000
1621,CB,GLN,A,110,,C,-29.571,-5.508,25.549,0.000000
1622,CG,GLN,A,110,,C,-29.541,-3.998,25.804,0.000000
1623,CD,GLN,A,110,,C,-28.376,-3.284,25.109,6.313910
1624,NE2,GLN,A,110,,N,-27.608,-2.474,25.877,7.844431
1625,OE1,GLN,A,110,,O,-28.172,-3.458,23.893,5.284159
1626,H01,GLN,A,110,,H,-28.752,-5.992,27.472,0.000000
1627,H02,GLN,A,110,,H,-30.585,-5.834,25.778,0.000000
1628,H03,GLN,A,110,,H,-29.284,-5.682,24.512,0.000000
1629,H04,GLN,A,110,,H,-29.409,-3.857,26.877,0.000000
1630,H05,GLN,A,110,,H,-30.475,-3.568,25.443,5.663244
1631,H06,GLN,A,110,,H,-26.829,-1.980,25.467,12.742300
1632,H07,GLN,A,110,,H,-27.815,-2.365,26.860,0.000000
1633,H10,GLN,A,110,,H,-27.044,-6.118,25.074,0.000000
1634,N,ARG,A,111,,N,-30.006,-8.194,27.100,0.000000
1635,CA,ARG,A,111,,C,-30.693,-9.484,26.972,0.000000
1636,C,ARG,A,111,,C,-32.191,-9.254,26.811,0.000000
1637,O,ARG,A,111,,O,-32.774,-8.489,27.556,0.000000
1638,CB,ARG,A,111,,C,-30.442,-10.296,28.224,0.000000
1639,CG,ARG,A,111,,C,-30.740,-11.731,28.027,0.000000
1640,CD,ARG,A,111,,C,-30.631,-12.455,29.302,0.000000
1641,NE,ARG,A,111,,N,-31.769,-12.159,30.173,0.000000
1642,CZ,ARG,A,111,,C,-32.059,-12.832,31.269,0.000000
1643,NH1,ARG,A,111,,N,-31.303,-13.842,31.648,0.000000
1644,NH2,ARG,A,111,,N,-33.116,-12.505,31.963,0.000000
1645,H01,ARG,A,111,,H,-30.317,-10.017,26.099,0.000000
1646,H02,ARG,A,111,,H,-31.104,-9.921,29.005,0.000000
1647,H03,ARG,A,111,,H,-29.395,-10.190,28.508,0.000000
1648,H04,ARG,A,111,,H,-30.022,-12.148,27.321,0.000000
1649,H05,ARG,A,111,,H,-31.752,-11.838,27.637,0.000000
1650,H06,ARG,A,111,,H,-29.718,-12.136,29.805,0.000000
1651,H07,ARG,A,111,,H,-30.603,-13.526,29.103,0.000000
1652,H08,ARG,A,111,,H,-30.289,-7.579,27.849,0.000000
1653,H09,ARG,A,111,,H,-32.371,-11.389,29.918,0.000000
1654,H10,ARG,A,111,,H,-31.535,-14.361,32.483,7.079055
1655,H11,ARG,A,111,,H,-30.492,-14.098,31.103,1.415811
1656,H12,ARG,A,111,,H,-33.698,-11.736,31.664,0.000000
1657,H13,ARG,A,111,,H,-33.351,-13.021,32.799,1.415811
1658,N,TRP,A,112,,N,-32.815,-9.888,25.837,0.000000
1659,CA,TRP,A,112,,C,-34.287,-9.868,25.720,0.000000
1660,C,TRP,A,112,,C,-34.806,-11.254,26.076,0.000000
1661,O,TRP,A,112,,O,-34.193,-12.239,25.707,1.761386
1662,CB,TRP,A,112,,C,-34.727,-9.470,24.305,2.104637
1663,CG,TRP,A,112,,C,-34.207,-8.128,23.964,4.209273
1664,CD1,TRP,A,112,,C,-32.969,-7.837,23.492,4.209273
1665,CD2,TRP,A,112,,C,-34.881,-6.870,24.126,0.000000
1666,CE2,TRP,A,112,,C,-33.983,-5.861,23.702,4.209273
1667,CE3,TRP,A,112,,C,-36.164,-6.500,24.560,6.313910
1668,NE1,TRP,A,112,,N,-32.822,-6.481,23.332,3.922216
1669,CZ2,TRP,A,112,,C,-34.317,-4.514,23.703,6.313910
1670,CZ3,TRP,A,112,,C,-36.499,-5.164,24.566,6.313910
1671,CH2,TRP,A,112,,C,-35.575,-4.180,24.143,8.418547
1672,H01,TRP,A,112,,H,-34.700,-9.124,26.402,0.000000
1673,H02,TRP,A,112,,H,-35.816,-9.448,24.266,7.079055
1674,H03,TRP,A,112,,H,-34.343,-10.198,23.590,4.247433
1675,H04,TRP,A,112,,H,-32.199,-8.576,23.271,0.000000
1676,H05,TRP,A,112,,H,-36.880,-7.254,24.885,11.326489
1677,H06,TRP,A,112,,H,-31.991,-6.017,22.995,5.663244
1678,H07,TRP,A,112,,H,-33.611,-3.753,23.369,15.573922
1679,H08,TRP,A,112,,H,-37.491,-4.861,24.902,21.237166
1680,H09,TRP,A,112,,H,-35.868,-3.130,24.167,22.652977
1681,H14,TRP,A,112,,H,-32.273,-10.399,25.155,0.000000
1682,N,LYS,A,113,,N,-35.933,-11.315,26.775,0.000000
1683,CA,LYS,A,113,,C,-36.413,-12.549,27.366,0.000000
1684,C,LYS,A,113,,C,-37.851,-12.822,26.990,0.000000
1685,O,LYS,A,113,,O,-38.688,-11.943,27.119,0.000000
1686,CB,LYS,A,113,,C,-36.316,-12.384,28.876,0.000000
1687,CG,LYS,A,113,,C,-36.909,-13.479,29.721,0.000000
1688,CD,LYS,A,113,,C,-36.938,-12.997,31.159,0.000000
1689,CE,LYS,A,113,,C,-37.309,-14.099,32.156,2.104637
1690,NZ,LYS,A,113,,N,-37.233,-13.555,33.547,1.961108
1691,H01,LYS,A,113,,H,-35.815,-13.386,27.005,0.000000
1692,H02,LYS,A,113,,H,-36.909,-11.498,29.103,0.000000
1693,H03,LYS,A,113,,H,-35.259,-12.306,29.132,0.000000
1694,H04,LYS,A,113,,H,-36.312,-14.387,29.638,0.000000
1695,H05,LYS,A,113,,H,-37.922,-13.700,29.384,0.000000
1696,H06,LYS,A,113,,H,-37.706,-12.226,31.227,0.000000
1697,H07,LYS,A,113,,H,-35.951,-12.613,31.417,0.000000
1698,H08,LYS,A,113,,H,-36.615,-14.933,32.052,1.415811
1699,H09,LYS,A,113,,H,-38.323,-14.446,31.955,0.000000
1700,H10,LYS,A,113,,H,-36.475,-10.472,26.900,0.000000
1701,H11,LYS,A,113,,H,-36.938,-12.590,33.515,0.000000
1702,H12,LYS,A,113,,H,-38.142,-13.614,33.982,12.742300
1703,H13,LYS,A,113,,H,-36.567,-14.092,34.083,14.158111
1704,N,ILE,A,114,,N,-38.149,-14.041,26.550,0.000000
1705,CA,ILE,A,114,,C,-39.543,-14.469,26.386,0.000000
1706,C,ILE,A,114,,C,-39.743,-15.834,27.026,0.000000
1707,O,ILE,A,114,,O,-39.285,-16.851,26.502,0.000000
1708,CB,ILE,A,114,,C,-39.992,-14.519,24.905,0.000000
1709,CG1,ILE,A,114,,C,-39.697,-13.189,24.215,4.209273
1710,CG2,ILE,A,114,,C,-41.493,-14.810,24.817,0.000000
1711,CD1,ILE,A,114,,C,-40.346,-12.009,24.902,4.209273
1712,H01,ILE,A,114,,H,-40.162,-13.722,26.882,0.000000
1713,H02,ILE,A,114,,H,-39.438,-15.314,24.406,2.831622
1714,H03,ILE,A,114,,H,-40.110,-13.246,23.208,18.405544
1715,H04,ILE,A,114,,H,-38.618,-13.035,24.204,7.079055
1716,H05,ILE,A,114,,H,-42.019,-13.910,24.498,8.494867
1717,H06,ILE,A,114,,H,-41.667,-15.607,24.094,14.158111
1718,H07,ILE,A,114,,H,-41.862,-15.118,25.795,0.000000
1719,H08,ILE,A,114,,H,-41.336,-12.296,25.258,1.415811
1720,H09,ILE,A,114,,H,-39.733,-11.698,25.748,1.415811
1721,H10,ILE,A,114,,H,-40.439,-11.183,24.197,24.068789
1722,H14,ILE,A,114,,H,-37.403,-14.683,26.325,0.000000
1723,N,ALA,A,115,,N,-40.475,-15.833,28.134,0.000000
1724,CA,ALA,A,115,,C,-40.594,-16.988,29.011,0.000000
1725,C,ALA,A,115,,C,-42.048,-17.356,29.290,0.000000
1726,O,ALA,A,115,,O,-42.680,-16.756,30.152,0.000000
1727,CB,ALA,A,115,,C,-39.898,-16.695,30.306,0.000000
1728,H01,ALA,A,115,,H,-40.132,-17.837,28.507,0.000000
1729,H02,ALA,A,115,,H,-39.001,-16.108,30.111,0.000000
1730,H03,ALA,A,115,,H,-40.565,-16.132,30.958,2.831622
1731,H04,ALA,A,115,,H,-39.621,-17.631,30.790,0.000000
1732,H11,ALA,A,115,,H,-40.973,-14.990,28.380,0.000000
1733,N,PRO,A,116,,N,-42.587,-18.342,28.556,0.000000
1734,CA,PRO,A,116,,C,-43.875,-18.869,28.976,0.000000
1735,C,PRO,A,116,,C,-43.678,-19.648,30.256,0.000000
1736,O,PRO,A,116,,O,-42.590,-20.140,30.512,0.000000
1737,CB,PRO,A,116,,C,-44.246,-19.830,27.853,0.000000
1738,CG,PRO,A,116,,C,-42.951,-20.267,27.303,2.104637
1739,CD,PRO,A,116,,C,-42.082,-19.039,27.362,0.000000
1740,H01,PRO,A,116,,H,-44.881,-19.364,27.100,4.247433
1741,H02,PRO,A,116,,H,-44.808,-20.680,28.241,1.415811
1742,H03,PRO,A,116,,H,-43.043,-20.661,26.291,14.158111
1743,H04,PRO,A,116,,H,-42.527,-21.070,27.906,0.000000
1744,H05,PRO,A,116,,H,-44.631,-18.103,29.151,0.000000
1745,H06,PRO,A,116,,H,-41.017,-19.265,27.412,0.000000
1746,H07,PRO,A,116,,H,-42.204,-18.427,26.468,4.247433
1747,N,ASP,A,117,,N,-44.728,-19.753,31.058,0.000000
1748,CA,ASP,A,117,,C,-44.680,-20.595,32.239,0.000000
1749,C,ASP,A,117,,C,-46.024,-21.329,32.417,0.000000
1750,O,ASP,A,117,,O,-47.024,-20.911,31.838,0.000000
1751,CB,ASP,A,117,,C,-44.302,-19.738,33.440,0.000000
1752,CG,ASP,A,117,,C,-45.479,-19.076,34.056,2.104637
1753,OD1,ASP,A,117,,O,-46.588,-19.673,33.920,5.284159
1754,OD2,ASP,A,117,,O,-45.297,-17.996,34.689,19.375249
1755,H01,ASP,A,117,,H,-43.919,-21.368,32.134,0.000000
1756,H02,ASP,A,117,,H,-43.627,-18.957,33.091,2.831622
1757,H03,ASP,A,117,,H,-43.825,-20.372,34.187,2.831622
1758,H08,ASP,A,117,,H,-45.572,-19.241,30.845,0.000000
1759,N,TRP,A,118,,N,-46.035,-22.409,33.206,0.000000
1760,CA,TRP,A,118,,C,-47.221,-23.267,33.374,0.000000
1761,C,TRP,A,118,,C,-47.299,-24.023,34.701,2.104637
1762,O,TRP,A,118,,O,-46.277,-24.275,35.359,5.284159
1763,CB,TRP,A,118,,C,-47.262,-24.281,32.250,0.000000
1764,CG,TRP,A,118,,C,-46.036,-25.128,32.171,2.104637
1765,CD1,TRP,A,118,,C,-45.812,-26.318,32.814,0.000000
1766,CD2,TRP,A,118,,C,-44.866,-24.874,31.390,2.104637
1767,CE2,TRP,A,118,,C,-43.979,-25.948,31.601,2.104637
1768,CE3,TRP,A,118,,C,-44.480,-23.841,30.535,2.104637
1769,NE1,TRP,A,118,,N,-44.577,-26.811,32.477,0.000000
1770,CZ2,TRP,A,118,,C,-42.736,-26.017,30.990,4.209273
1771,CZ3,TRP,A,118,,C,-43.232,-23.908,29.930,6.313910
1772,CH2,TRP,A,118,,C,-42.379,-24.988,30.159,6.313910
1773,H01,TRP,A,118,,H,-48.072,-22.586,33.361,0.000000
1774,H02,TRP,A,118,,H,-47.328,-23.723,31.316,0.000000
1775,H03,TRP,A,118,,H,-48.123,-24.932,32.402,0.000000
1776,H04,TRP,A,118,,H,-45.192,-22.647,33.709,0.000000
1777,H05,TRP,A,118,,H,-46.513,-26.802,33.494,0.000000
1778,H06,TRP,A,118,,H,-45.145,-22.998,30.346,0.000000
1779,H07,TRP,A,118,,H,-44.175,-27.672,32.820,0.000000
1780,H08,TRP,A,118,,H,-42.067,-26.860,31.165,2.831622
1781,H09,TRP,A,118,,H,-42.914,-23.104,29.266,0.000000
1782,H10,TRP,A,118,,H,-41.407,-25.014,29.666,1.415811
1783,N,ASP,A,119,,N,-48.532,-24.361,35.084,0.000000
1784,CA,ASP,A,119,,C,-48.832,-25.239,36.219,0.000000
1785,C,ASP,A,119,,C,-50.032,-26.129,35.920,0.000000
1786,O,ASP,A,119,,O,-51.158,-25.704,36.086,0.000000
1787,CB,ASP,A,119,,C,-49.131,-24.424,37.452,0.000000
1788,CG,ASP,A,119,,C,-49.029,-25.228,38.712,2.104637
1789,OD1,ASP,A,119,,O,-48.793,-24.633,39.773,33.466339
1790,OD2,ASP,A,119,,O,-49.174,-26.458,38.676,0.000000
1791,H01,ASP,A,119,,H,-47.955,-25.863,36.391,0.000000
1792,H02,ASP,A,119,,H,-50.158,-24.067,37.371,0.000000
1793,H03,ASP,A,119,,H,-48.422,-23.598,37.506,12.742300
1794,H11,ASP,A,119,,H,-49.309,-23.988,34.558,0.000000
1795,N,VAL,A,120,,N,-49.793,-27.368,35.493,0.000000
1796,CA,VAL,A,120,,C,-50.885,-28.285,35.141,0.000000
1797,C,VAL,A,120,,C,-51.109,-29.336,36.210,0.000000
1798,O,VAL,A,120,,O,-50.148,-29.936,36.707,0.000000
1799,CB,VAL,A,120,,C,-50.599,-29.043,33.836,0.000000
1800,CG1,VAL,A,120,,C,-50.101,-28.081,32.743,4.209273
1801,CG2,VAL,A,120,,C,-49.595,-30.142,34.078,0.000000
1802,H01,VAL,A,120,,H,-51.766,-27.652,35.034,0.000000
1803,H02,VAL,A,120,,H,-51.529,-29.494,33.489,9.910678
1804,H03,VAL,A,120,,H,-49.087,-28.355,32.453,1.415811
1805,H04,VAL,A,120,,H,-48.838,-27.685,35.409,0.000000
1806,H05,VAL,A,120,,H,-50.756,-28.146,31.874,14.158111
1807,H06,VAL,A,120,,H,-50.106,-27.061,33.126,0.000000
1808,H07,VAL,A,120,,H,-48.697,-29.720,34.529,0.000000
1809,H08,VAL,A,120,,H,-50.024,-30.885,34.750,0.000000
1810,H09,VAL,A,120,,H,-49.337,-30.615,33.130,5.663244
1811,N,LYS,A,121,,N,-52.378,-29.563,36.555,0.000000
1812,CA,LYS,A,121,,C,-52.737,-30.577,37.537,0.000000
1813,C,LYS,A,121,,C,-52.679,-31.904,36.819,0.000000
1814,O,LYS,A,121,,O,-53.063,-32.007,35.652,19.375249
1815,CB,LYS,A,121,,C,-54.143,-30.328,38.102,0.000000
1816,CG,LYS,A,121,,C,-54.579,-31.229,39.291,0.000000
1817,CD,LYS,A,121,,C,-56.046,-30.993,39.674,0.000000
1818,CE,LYS,A,121,,C,-56.398,-31.526,41.078,2.104637
1819,NZ,LYS,A,121,,N,-56.509,-30.497,42.168,0.000000
1820,H01,LYS,A,121,,H,-52.053,-30.555,38.385,0.000000
1821,H02,LYS,A,121,,H,-54.828,-30.569,37.289,5.663244
1822,H03,LYS,A,121,,H,-54.188,-29.292,38.436,0.000000
1823,H04,LYS,A,121,,H,-53.959,-30.979,40.152,1.415811
1824,H05,LYS,A,121,,H,-54.451,-32.274,39.009,0.000000
1825,H06,LYS,A,121,,H,-56.660,-31.537,38.957,14.158111
1826,H07,LYS,A,121,,H,-56.244,-29.921,39.649,0.000000
1827,H08,LYS,A,121,,H,-55.564,-32.167,41.365,0.000000
1828,H09,LYS,A,121,,H,-57.355,-32.043,41.008,12.742300
1829,H10,LYS,A,121,,H,-53.110,-29.017,36.123,0.000000
1830,H11,LYS,A,121,,H,-57.482,-30.350,42.394,15.573922
1831,H12,LYS,A,121,,H,-56.019,-30.822,42.989,9.910678
1832,H13,LYS,A,121,,H,-56.102,-29.628,41.854,0.000000
1833,N,LEU,A,122,,N,-52.167,-32.913,37.509,0.000000
1834,CA,LEU,A,122,,C,-52.152,-34.278,36.994,0.000000
1835,C,LEU,A,122,,C,-53.062,-35.158,37.865,0.000000
1836,O,LEU,A,122,,O,-53.947,-35.862,37.347,26.420794
1837,CB,LEU,A,122,,C,-50.727,-34.798,36.968,0.000000
1838,CG,LEU,A,122,,C,-49.989,-34.684,35.634,0.000000
1839,CD1,LEU,A,122,,C,-50.405,-33.454,34.850,2.104637
1840,CD2,LEU,A,122,,C,-48.476,-34.723,35.861,4.209273
1841,H01,LEU,A,122,,H,-52.533,-34.301,35.973,2.831622
1842,H02,LEU,A,122,,H,-50.804,-35.867,37.167,4.247433
1843,H03,LEU,A,122,,H,-50.156,-34.243,37.713,0.000000
1844,H04,LEU,A,122,,H,-50.269,-35.543,35.025,14.158111
1845,H05,LEU,A,122,,H,-51.304,-33.027,35.295,0.000000
1846,H06,LEU,A,122,,H,-49.602,-32.717,34.876,0.000000
1847,H07,LEU,A,122,,H,-50.610,-33.733,33.816,19.821355
1848,H08,LEU,A,122,,H,-48.013,-33.870,35.365,0.000000
1849,H09,LEU,A,122,,H,-48.267,-34.678,36.930,0.000000
1850,H10,LEU,A,122,,H,-48.070,-35.647,35.449,16.989733
1851,H14,LEU,A,122,,H,-51.774,-32.731,38.422,0.000000
1852,N,THR,A,123,,N,-52.844,-35.101,39.182,0.000000
1853,CA,THR,A,123,,C,-53.801,-35.618,40.150,0.000000
1854,C,THR,A,123,,C,-53.945,-34.665,41.359,0.000000
1855,O,THR,A,123,,O,-53.463,-33.533,41.351,1.761386
1856,CB,THR,A,123,,C,-53.375,-37.002,40.641,2.104637
1857,CG2,THR,A,123,,C,-52.759,-37.835,39.525,4.209273
1858,OG1,THR,A,123,,O,-52.422,-36.861,41.698,0.000000
1859,H01,THR,A,123,,H,-54.766,-35.694,39.648,9.910678
1860,H02,THR,A,123,,H,-54.268,-37.517,40.996,12.742300
1861,H03,THR,A,123,,H,-51.753,-38.141,39.813,2.831622
1862,H04,THR,A,123,,H,-53.371,-38.720,39.351,24.068789
1863,H05,THR,A,123,,H,-52.710,-37.241,38.612,1.415811
1864,H06,THR,A,123,,H,-52.141,-37.730,41.994,2.831622
1865,H11,THR,A,123,,H,-51.987,-34.685,39.517,0.000000
1866,N,ASP,A,124,,N,-54.604,-35.113,42.417,0.000000
1867,CA,ASP,A,124,,C,-54.730,-34.272,43.600,0.000000
1868,C,ASP,A,124,,C,-53.424,-34.194,44.361,0.000000
1869,O,ASP,A,124,,O,-53.302,-33.447,45.325,28.182180
1870,CB,ASP,A,124,,C,-55.857,-34.780,44.477,6.313910
1871,CG,ASP,A,124,,C,-57.174,-34.756,43.749,4.209273
1872,OD1,ASP,A,124,,O,-57.672,-35.839,43.372,38.750498
1873,OD2,ASP,A,124,,O,-57.678,-33.637,43.488,21.136635
1874,H01,ASP,A,124,,H,-54.972,-33.258,43.283,0.000000
1875,H02,ASP,A,124,,H,-55.935,-34.128,45.347,16.989733
1876,H03,ASP,A,124,,H,-55.637,-35.804,44.780,8.494867
1877,H07,ASP,A,124,,H,-55.018,-36.034,42.404,1.415811
1878,N,ASP,A,125,,N,-52.443,-34.956,43.904,0.000000
1879,CA,ASP,A,125,,C,-51.114,-34.970,44.516,0.000000
1880,C,ASP,A,125,,C,-49.913,-34.717,43.559,0.000000
1881,O,ASP,A,125,,O,-48.805,-34.477,44.004,0.000000
1882,CB,ASP,A,125,,C,-50.927,-36.278,45.322,0.000000
1883,CG,ASP,A,125,,C,-51.638,-37.480,44.694,2.104637
1884,OD1,ASP,A,125,,O,-52.650,-37.946,45.281,33.466339
1885,OD2,ASP,A,125,,O,-51.186,-37.953,43.617,10.568318
1886,H01,ASP,A,125,,H,-51.094,-34.103,45.176,0.000000
1887,H02,ASP,A,125,,H,-51.369,-36.118,46.306,11.326489
1888,H03,ASP,A,125,,H,-49.861,-36.498,45.384,0.000000
1889,H04,ASP,A,125,,H,-52.618,-35.548,43.105,0.000000
1890,N,LEU,A,126,,N,-50.127,-34.766,42.260,0.000000
1891,CA,LEU,A,126,,C,-49.050,-34.546,41.299,0.000000
1892,C,LEU,A,126,,C,-49.370,-33.318,40.494,0.000000
1893,O,LEU,A,126,,O,-50.503,-33.165,40.057,0.000000
1894,CB,LEU,A,126,,C,-48.915,-35.715,40.320,0.000000
1895,CG,LEU,A,126,,C,-47.737,-36.684,40.422,0.000000
1896,CD1,LEU,A,126,,C,-47.887,-37.788,39.379,10.523183
1897,CD2,LEU,A,126,,C,-46.417,-35.935,40.249,0.000000
1898,H01,LEU,A,126,,H,-48.119,-34.441,41.857,0.000000
1899,H02,LEU,A,126,,H,-48.738,-35.216,39.367,0.000000
1900,H03,LEU,A,126,,H,-49.821,-36.313,40.421,0.000000
1901,H04,LEU,A,126,,H,-51.058,-34.960,41.921,0.000000
1902,H05,LEU,A,126,,H,-47.732,-37.143,41.411,2.831622
1903,H06,LEU,A,126,,H,-48.598,-37.472,38.616,4.247433
1904,H07,LEU,A,126,,H,-46.920,-37.984,38.915,9.910678
1905,H08,LEU,A,126,,H,-48.251,-38.696,39.860,16.989733
1906,H09,LEU,A,126,,H,-45.648,-36.629,39.909,8.494867
1907,H10,LEU,A,126,,H,-46.542,-35.142,39.511,0.000000
1908,H11,LEU,A,126,,H,-46.117,-35.501,41.203,0.000000
1909,N,ARG,A,127,,N,-48.371,-32.454,40.306,0.000000
1910,CA,ARG,A,127,,C,-48.460,-31.379,39.327,0.000000
1911,C,ARG,A,127,,C,-47.277,-31.439,38.362,0.000000
1912,O,ARG,A,127,,O,-46.227,-32.013,38.676,0.000000
1913,CB,ARG,A,127,,C,-48.529,-30.022,39.992,0.000000
1914,CG,ARG,A,127,,C,-49.589,-29.921,41.060,2.104637
1915,CD,ARG,A,127,,C,-49.714,-28.497,41.585,4.209273
1916,NE,ARG,A,127,,N,-51.098,-28.094,41.714,5.883323
1917,CZ,ARG,A,127,,C,-51.946,-27.956,40.697,0.000000
1918,NH1,ARG,A,127,,N,-53.195,-27.603,40.945,5.883323
1919,NH2,ARG,A,127,,N,-51.575,-28.186,39.438,0.000000
1920,H01,ARG,A,127,,H,-49.384,-31.519,38.766,0.000000
1921,H02,ARG,A,127,,H,-48.790,-29.302,39.217,0.000000
1922,H03,ARG,A,127,,H,-47.561,-29.812,40.447,0.000000
1923,H04,ARG,A,127,,H,-49.303,-30.568,41.889,2.831622
1924,H05,ARG,A,127,,H,-50.546,-30.231,40.641,0.000000
1925,H06,ARG,A,127,,H,-49.231,-27.829,40.872,0.000000
1926,H07,ARG,A,127,,H,-49.235,-28.437,42.562,8.494867
1927,H08,ARG,A,127,,H,-51.446,-27.904,42.643,18.405544
1928,H09,ARG,A,127,,H,-53.852,-27.503,40.184,0.000000
1929,H10,ARG,A,127,,H,-53.493,-27.434,41.895,5.663244
1930,H11,ARG,A,127,,H,-50.626,-28.465,39.234,0.000000
1931,H12,ARG,A,127,,H,-47.530,-32.548,40.857,0.000000
1932,H13,ARG,A,127,,H,-52.243,-28.082,38.688,0.000000
1933,N,PHE,A,128,,N,-47.489,-30.892,37.169,0.000000
1934,CA,PHE,A,128,,C,-46.453,-30.771,36.172,0.000000
1935,C,PHE,A,128,,C,-46.350,-29.286,35.891,0.000000
1936,O,PHE,A,128,,O,-47.067,-28.749,35.031,0.000000
1937,CB,PHE,A,128,,C,-46.828,-31.562,34.917,0.000000
1938,CG,PHE,A,128,,C,-45.975,-31.250,33.691,2.104637
1939,CD1,PHE,A,128,,C,-44.607,-31.559,33.671,2.104637
1940,CD2,PHE,A,128,,C,-46.546,-30.691,32.552,6.313910
1941,CE1,PHE,A,128,,C,-43.829,-31.297,32.563,6.313910
1942,CE2,PHE,A,128,,C,-45.773,-30.418,31.432,8.418547
1943,CZ,PHE,A,128,,C,-44.411,-30.733,31.434,6.313910
1944,H01,PHE,A,128,,H,-45.498,-31.176,36.508,0.000000
1945,H02,PHE,A,128,,H,-47.848,-31.274,34.664,0.000000
1946,H03,PHE,A,128,,H,-46.727,-32.624,35.141,0.000000
1947,H04,PHE,A,128,,H,-44.150,-32.015,34.549,0.000000
1948,H05,PHE,A,128,,H,-47.612,-30.465,32.539,1.415811
1949,H06,PHE,A,128,,H,-42.764,-31.531,32.573,8.494867
1950,H07,PHE,A,128,,H,-46.227,-29.959,30.553,19.821355
1951,H08,PHE,A,128,,H,-43.805,-30.536,30.550,18.405544
1952,H14,PHE,A,128,,H,-48.413,-30.547,36.952,0.000000
1953,N,ASN,A,129,,N,-45.480,-28.617,36.652,0.000000
1954,CA,ASN,A,129,,C,-45.230,-27.186,36.486,0.000000
1955,C,ASN,A,129,,C,-43.913,-26.934,35.729,0.000000
1956,O,ASN,A,129,,O,-43.046,-27.836,35.625,0.000000
1957,CB,ASN,A,129,,C,-45.209,-26.514,37.850,0.000000
1958,CG,ASN,A,129,,C,-44.456,-27.315,38.855,6.313910
1959,ND2,ASN,A,129,,N,-45.108,-27.676,39.947,5.883323
1960,OD1,ASN,A,129,,O,-43.307,-27.621,38.650,5.284159
1961,H01,ASN,A,129,,H,-46.034,-26.756,35.888,0.000000
1962,H02,ASN,A,129,,H,-46.239,-26.422,38.196,0.000000
1963,H03,ASN,A,129,,H,-44.738,-25.536,37.754,12.742300
1964,H04,ASN,A,129,,H,-44.642,-28.225,40.655,0.000000
1965,H05,ASN,A,129,,H,-46.072,-27.403,40.073,1.415811
1966,H09,ASN,A,129,,H,-44.976,-29.118,37.369,0.000000
1967,N,GLY,A,130,,N,-43.766,-25.722,35.189,0.000000
1968,CA,GLY,A,130,,C,-42.485,-25.336,34.596,2.104637
1969,C,GLY,A,130,,C,-42.409,-23.961,33.969,0.000000
1970,O,GLY,A,130,,O,-43.405,-23.279,33.800,0.000000
1971,H01,GLY,A,130,,H,-42.331,-26.033,33.772,0.000000
1972,H02,GLY,A,130,,H,-41.730,-25.383,35.381,4.247433
1973,H06,GLY,A,130,,H,-44.539,-25.072,35.190,0.000000
1974,N,TRP,A,131,,N,-41.195,-23.553,33.626,0.000000
1975,CA,TRP,A,131,,C,-40.986,-22.367,32.806,0.000000
1976,C,TRP,A,131,,C,-39.992,-22.677,31.715,0.000000
1977,O,TRP,A,131,,O,-39.032,-23.367,31.957,0.000000
1978,CB,TRP,A,131,,C,-40.520,-21.203,33.662,2.104637
1979,CG,TRP,A,131,,C,-39.397,-21.498,34.555,2.104637
1980,CD1,TRP,A,131,,C,-39.479,-21.846,35.828,10.523183
1981,CD2,TRP,A,131,,C,-37.990,-21.421,34.240,2.104637
1982,CE2,TRP,A,131,,C,-37.285,-21.761,35.401,4.209273
1983,CE3,TRP,A,131,,C,-37.268,-21.088,33.087,4.209273
1984,NE1,TRP,A,131,,N,-38.212,-22.003,36.372,3.922216
1985,CZ2,TRP,A,131,,C,-35.908,-21.808,35.450,10.523183
1986,CZ3,TRP,A,131,,C,-35.899,-21.131,33.138,0.000000
1987,CH2,TRP,A,131,,C,-35.229,-21.478,34.317,4.209273
1988,H01,TRP,A,131,,H,-41.929,-22.077,32.344,0.000000
1989,H02,TRP,A,131,,H,-41.360,-20.946,34.307,0.000000
1990,H03,TRP,A,131,,H,-40.393,-24.079,33.942,0.000000
1991,H04,TRP,A,131,,H,-40.220,-20.393,32.997,1.415811
1992,H05,TRP,A,131,,H,-40.411,-21.990,36.374,15.573922
1993,H06,TRP,A,131,,H,-37.783,-20.801,32.170,0.000000
1994,H07,TRP,A,131,,H,-38.010,-22.255,37.329,12.742300
1995,H08,TRP,A,131,,H,-35.383,-22.098,36.360,7.079055
1996,H09,TRP,A,131,,H,-35.322,-20.891,32.245,0.000000
1997,H10,TRP,A,131,,H,-34.139,-21.484,34.328,1.415811
1998,N,LEU,A,132,,N,-40.280,-22.257,30.493,0.000000
1999,CA,LEU,A,132,,C,-39.298,-22.218,29.410,0.000000
2000,C,LEU,A,132,,C,-38.952,-20.749,29.210,0.000000
2001,O,LEU,A,132,,O,-39.766,-19.853,29.470,0.000000
2002,CB,LEU,A,132,,C,-39.854,-22.828,28.133,0.000000
2003,CG,LEU,A,132,,C,-39.008,-22.706,26.846,0.000000
2004,CD1,LEU,A,132,,C,-37.653,-23.303,27.019,0.000000
2005,CD2,LEU,A,132,,C,-39.691,-23.365,25.662,10.523183
2006,H01,LEU,A,132,,H,-38.414,-22.804,29.662,0.000000
2007,H02,LEU,A,132,,H,-40.754,-22.250,27.924,0.000000
2008,H03,LEU,A,132,,H,-40.009,-23.890,28.321,1.415811
2009,H04,LEU,A,132,,H,-38.904,-21.639,26.649,0.000000
2010,H05,LEU,A,132,,H,-36.959,-22.535,27.361,0.000000
2011,H06,LEU,A,132,,H,-37.700,-24.104,27.757,2.831622
2012,H07,LEU,A,132,,H,-37.308,-23.705,26.066,5.663244
2013,H08,LEU,A,132,,H,-40.597,-22.813,25.412,9.910678
2014,H09,LEU,A,132,,H,-39.017,-23.363,24.805,5.663244
2015,H10,LEU,A,132,,H,-39.951,-24.392,25.917,18.405544
2016,H11,LEU,A,132,,H,-41.222,-21.949,30.300,0.000000
2017,N,SER,A,133,,N,-37.727,-20.499,28.774,0.000000
2018,CA,SER,A,133,,C,-37.205,-19.139,28.674,0.000000
2019,C,SER,A,133,,C,-36.271,-18.994,27.464,0.000000
2020,O,SER,A,133,,O,-35.222,-19.641,27.384,0.000000
2021,CB,SER,A,133,,C,-36.481,-18.807,29.963,0.000000
2022,OG,SER,A,133,,O,-36.191,-17.446,29.992,0.000000
2023,H01,SER,A,133,,H,-38.029,-18.441,28.526,0.000000
2024,H02,SER,A,133,,H,-35.554,-19.378,30.018,0.000000
2025,H03,SER,A,133,,H,-37.114,-19.063,30.813,0.000000
2026,H04,SER,A,133,,H,-36.119,-17.153,30.903,1.415811
2027,H11,SER,A,133,,H,-37.136,-21.272,28.503,0.000000
2028,N,MET,A,134,,N,-36.686,-18.161,26.514,0.000000
2029,CA,MET,A,134,,C,-35.908,-17.868,25.293,0.000000
2030,C,MET,A,134,,C,-35.307,-16.448,25.359,0.000000
2031,O,MET,A,134,,O,-36.004,-15.478,25.618,1.761386
2032,CB,MET,A,134,,C,-36.817,-17.990,24.078,2.104637
2033,CG,MET,A,134,,C,-37.270,-19.437,23.759,0.000000
2034,SD,MET,A,134,,S,-39.022,-19.588,23.257,18.135954
2035,CE,MET,A,134,,C,-38.919,-20.707,21.851,16.837094
2036,H01,MET,A,134,,H,-35.089,-18.583,25.214,0.000000
2037,H02,MET,A,134,,H,-36.236,-17.650,23.220,12.742300
2038,H03,MET,A,134,,H,-37.706,-17.385,24.255,0.000000
2039,H04,MET,A,134,,H,-37.161,-20.007,24.682,0.000000
2040,H05,MET,A,134,,H,-37.579,-17.705,26.634,0.000000
2041,H06,MET,A,134,,H,-36.649,-19.818,22.949,5.663244
2042,H07,MET,A,134,,H,-37.874,-20.845,21.573,14.158111
2043,H08,MET,A,134,,H,-39.353,-21.670,22.120,15.573922
2044,H09,MET,A,134,,H,-39.466,-20.284,21.008,22.652977
2045,N,TYR,A,135,,N,-34.002,-16.350,25.165,0.000000
2046,CA,TYR,A,135,,C,-33.329,-15.077,25.165,0.000000
2047,C,TYR,A,135,,C,-32.644,-14.716,23.837,2.104637
2048,O,TYR,A,135,,O,-32.163,-15.585,23.115,0.000000
2049,CB,TYR,A,135,,C,-32.232,-15.037,26.227,0.000000
2050,CG,TYR,A,135,,C,-32.589,-15.536,27.603,0.000000
2051,CD1,TYR,A,135,,C,-32.322,-16.849,27.976,0.000000
2052,CD2,TYR,A,135,,C,-33.110,-14.682,28.556,0.000000
2053,CE1,TYR,A,135,,C,-32.629,-17.307,29.234,0.000000
2054,CE2,TYR,A,135,,C,-33.415,-15.133,29.813,0.000000
2055,CZ,TYR,A,135,,C,-33.176,-16.442,30.141,2.104637
2056,OH,TYR,A,135,,O,-33.482,-16.878,31.392,1.761386
2057,H01,TYR,A,135,,H,-34.128,-14.362,25.359,0.000000
2058,H02,TYR,A,135,,H,-32.009,-13.979,26.361,0.000000
2059,H03,TYR,A,135,,H,-31.400,-15.641,25.864,0.000000
2060,H04,TYR,A,135,,H,-31.861,-17.527,27.257,0.000000
2061,H05,TYR,A,135,,H,-33.281,-13.635,28.304,0.000000
2062,H06,TYR,A,135,,H,-32.439,-18.345,29.506,0.000000
2063,H07,TYR,A,135,,H,-33.846,-14.454,30.549,0.000000
2064,H08,TYR,A,135,,H,-33.371,-16.159,32.018,7.079055
2065,H10,TYR,A,135,,H,-33.463,-17.191,25.013,0.000000
2066,N,LYS,A,136,,N,-32.585,-13.412,23.567,0.000000
2067,CA,LYS,A,136,,C,-31.627,-12.834,22.646,0.000000
2068,C,LYS,A,136,,C,-30.726,-11.893,23.410,0.000000
2069,O,LYS,A,136,,O,-31.210,-11.069,24.157,0.000000
2070,CB,LYS,A,136,,C,-32.321,-12.063,21.537,2.104637
2071,CG,LYS,A,136,,C,-32.636,-12.933,20.368,4.209273
2072,CD,LYS,A,136,,C,-31.395,-13.221,19.480,0.000000
2073,CE,LYS,A,136,,C,-31.787,-13.435,17.969,0.000000
2074,NZ,LYS,A,136,,N,-32.170,-12.193,17.187,5.883323
2075,H01,LYS,A,136,,H,-31.052,-13.641,22.193,0.000000
2076,H02,LYS,A,136,,H,-31.646,-11.276,21.200,5.663244
2077,H03,LYS,A,136,,H,-33.249,-11.644,21.926,5.663244
2078,H04,LYS,A,136,,H,-33.364,-12.404,19.753,9.910678
2079,H05,LYS,A,136,,H,-33.030,-13.881,20.735,7.079055
2080,H06,LYS,A,136,,H,-30.930,-14.139,19.840,0.000000
2081,H07,LYS,A,136,,H,-30.708,-12.378,19.550,2.831622
2082,H08,LYS,A,136,,H,-32.686,-14.052,17.989,8.494867
2083,H09,LYS,A,136,,H,-33.240,-12.796,24.027,0.000000
2084,H10,LYS,A,136,,H,-30.935,-13.894,17.467,4.247433
2085,H11,LYS,A,136,,H,-32.996,-11.780,17.596,19.821355
2086,H12,LYS,A,136,,H,-31.411,-11.528,17.218,22.652977
2087,H13,LYS,A,136,,H,-32.360,-12.444,16.227,22.652977
2088,N,PHE,A,137,,N,-29.415,-12.041,23.225,0.000000
2089,CA,PHE,A,137,,C,-28.427,-11.086,23.736,0.000000
2090,C,PHE,A,137,,C,-27.939,-10.236,22.561,0.000000
2091,O,PHE,A,137,,O,-27.826,-10.742,21.449,1.761386
2092,CB,PHE,A,137,,C,-27.235,-11.800,24.356,0.000000
2093,CG,PHE,A,137,,C,-27.571,-12.622,25.571,0.000000
2094,CD1,PHE,A,137,,C,-28.130,-13.859,25.443,0.000000
2095,CD2,PHE,A,137,,C,-27.294,-12.164,26.833,0.000000
2096,CE1,PHE,A,137,,C,-28.434,-14.600,26.540,0.000000
2097,CE2,PHE,A,137,,C,-27.576,-12.942,27.934,0.000000
2098,CZ,PHE,A,137,,C,-28.140,-14.146,27.781,0.000000
2099,H01,PHE,A,137,,H,-28.893,-10.472,24.507,0.000000
2100,H02,PHE,A,137,,H,-26.543,-11.025,24.685,0.000000
2101,H03,PHE,A,137,,H,-26.803,-12.461,23.604,0.000000
2102,H04,PHE,A,137,,H,-28.335,-14.258,24.449,0.000000
2103,H05,PHE,A,137,,H,-26.848,-11.178,26.966,0.000000
2104,H06,PHE,A,137,,H,-28.919,-15.569,26.420,0.000000
2105,H07,PHE,A,137,,H,-27.339,-12.576,28.933,0.000000
2106,H08,PHE,A,137,,H,-28.362,-14.760,28.654,0.000000
2107,H14,PHE,A,137,,H,-29.088,-12.846,22.710,0.000000
2108,N,ALA,A,138,,N,-27.635,-8.963,22.796,0.000000
2109,CA,ALA,A,138,,C,-27.513,-8.023,21.688,0.000000
2110,C,ALA,A,138,,C,-26.105,-7.505,21.479,2.104637
2111,O,ALA,A,138,,O,-25.348,-8.095,20.699,7.045545
2112,CB,ALA,A,138,,C,-28.497,-6.880,21.842,4.209273
2113,H01,ALA,A,138,,H,-27.758,-8.585,20.787,7.079055
2114,H02,ALA,A,138,,H,-29.415,-7.251,22.297,0.000000
2115,H03,ALA,A,138,,H,-28.063,-6.109,22.478,0.000000
2116,H04,ALA,A,138,,H,-28.722,-6.459,20.862,16.989733
2117,H09,ALA,A,138,,H,-27.488,-8.647,23.744,0.000000
2118,N,ASN,A,139,,N,-25.730,-6.406,22.122,0.000000
2119,CA,ASN,A,139,,C,-24.479,-5.727,21.700,0.000000
2120,C,ASN,A,139,,C,-23.233,-6.240,22.410,0.000000
2121,O,ASN,A,139,,O,-23.347,-7.019,23.356,0.000000
2122,CB,ASN,A,139,,C,-24.625,-4.213,21.843,2.104637
2123,CG,ASN,A,139,,C,-25.732,-3.678,20.959,4.209273
2124,ND2,ASN,A,139,,N,-26.784,-3.153,21.566,11.766647
2125,OD1,ASN,A,139,,O,-25.664,-3.796,19.741,31.704953
2126,H01,ASN,A,139,,H,-24.329,-5.972,20.649,4.247433
2127,H02,ASN,A,139,,H,-23.688,-3.748,21.537,7.079055
2128,H03,ASN,A,139,,H,-24.853,-3.975,22.882,0.000000
2129,H04,ASN,A,139,,H,-27.560,-2.805,21.021,24.068789
2130,H05,ASN,A,139,,H,-26.284,-6.039,22.883,0.000000
2131,H06,ASN,A,139,,H,-26.811,-3.100,22.574,1.415811
2132,N,ASP,A,140,,N,-22.063,-5.825,21.915,0.000000
2133,CA,ASP,A,140,,C,-20.747,-6.110,22.519,0.000000
2134,C,ASP,A,140,,C,-20.490,-7.573,22.814,0.000000
2135,O,ASP,A,140,,O,-19.854,-7.905,23.812,0.000000
2136,CB,ASP,A,140,,C,-20.565,-5.306,23.804,0.000000
2137,CG,ASP,A,140,,C,-20.401,-3.792,23.551,0.000000
2138,OD1,ASP,A,140,,O,-19.979,-3.383,22.443,31.704953
2139,OD2,ASP,A,140,,O,-20.661,-3.011,24.486,10.568318
2140,H01,ASP,A,140,,H,-20.020,-5.813,21.763,9.910678
2141,H02,ASP,A,140,,H,-19.650,-5.657,24.281,0.000000
2142,H03,ASP,A,140,,H,-21.438,-5.460,24.438,0.000000
2143,H07,ASP,A,140,,H,-22.081,-5.277,21.067,9.910678
2144,N,LEU,A,141,,N,-20.968,-8.454,21.940,0.000000
2145,CA,LEU,A,141,,C,-20.833,-9.889,22.181,0.000000
2146,C,LEU,A,141,,C,-19.391,-10.294,22.167,0.000000
2147,O,LEU,A,141,,O,-18.890,-10.788,23.150,0.000000
2148,CB,LEU,A,141,,C,-21.658,-10.703,21.198,0.000000
2149,CG,LEU,A,141,,C,-23.118,-10.275,21.321,0.000000
2150,CD1,LEU,A,141,,C,-24.060,-11.112,20.465,0.000000
2151,CD2,LEU,A,141,,C,-23.523,-10.275,22.822,0.000000
2152,H01,LEU,A,141,,H,-21.229,-10.102,23.174,0.000000
2153,H02,LEU,A,141,,H,-21.561,-11.766,21.419,0.000000
2154,H03,LEU,A,141,,H,-21.305,-10.522,20.183,5.663244
2155,H04,LEU,A,141,,H,-21.428,-8.128,21.102,5.663244
2156,H05,LEU,A,141,,H,-23.213,-9.263,20.927,2.831622
2157,H06,LEU,A,141,,H,-24.954,-10.532,20.236,2.831622
2158,H07,LEU,A,141,,H,-23.560,-11.388,19.537,7.079055
2159,H08,LEU,A,141,,H,-24.342,-12.014,21.009,0.000000
2160,H09,LEU,A,141,,H,-24.557,-10.605,22.919,0.000000
2161,H10,LEU,A,141,,H,-22.873,-10.953,23.374,0.000000
2162,H11,LEU,A,141,,H,-23.424,-9.267,23.226,0.000000
2163,N,ASN,A,142,,N,-18.678,-10.016,21.094,0.000000
2164,CA,ASN,A,142,,C,-17.249,-10.343,21.091,0.000000
2165,C,ASN,A,142,,C,-16.533,-9.978,22.398,0.000000
2166,O,ASN,A,142,,O,-15.658,-10.711,22.828,15.852477
2167,CB,ASN,A,142,,C,-16.542,-9.713,19.914,2.104637
2168,CG,ASN,A,142,,C,-16.999,-10.285,18.607,4.209273
2169,ND2,ASN,A,142,,N,-16.611,-9.638,17.516,21.572186
2170,OD1,ASN,A,142,,O,-17.688,-11.311,18.568,0.000000
2171,H01,ASN,A,142,,H,-17.199,-11.428,20.999,0.000000
2172,H02,ASN,A,142,,H,-15.476,-9.919,20.015,15.573922
2173,H03,ASN,A,142,,H,-16.740,-8.641,19.917,8.494867
2174,H04,ASN,A,142,,H,-16.883,-9.977,16.604,18.405544
2175,H05,ASN,A,142,,H,-16.044,-8.806,17.597,22.652977
2176,H12,ASN,A,142,,H,-19.108,-9.585,20.288,2.831622
2177,N,THR,A,143,,N,-16.929,-8.876,23.033,0.000000
2178,CA,THR,A,143,,C,-16.194,-8.335,24.162,0.000000
2179,C,THR,A,143,,C,-16.578,-9.113,25.370,0.000000
2180,O,THR,A,143,,O,-15.834,-9.270,26.352,0.000000
2181,CB,THR,A,143,,C,-16.589,-6.843,24.340,0.000000
2182,CG2,THR,A,143,,C,-15.929,-6.168,25.493,0.000000
2183,OG1,THR,A,143,,O,-16.265,-6.167,23.139,12.329704
2184,H01,THR,A,143,,H,-15.118,-8.403,24.004,7.079055
2185,H02,THR,A,143,,H,-17.656,-6.809,24.558,0.000000
2186,H03,THR,A,143,,H,-15.026,-5.663,25.149,5.663244
2187,H04,THR,A,143,,H,-16.611,-5.436,25.926,0.000000
2188,H05,THR,A,143,,H,-15.665,-6.910,26.247,0.000000
2189,H06,THR,A,143,,H,-17.765,-8.403,22.720,0.000000
2190,H07,THR,A,143,,H,-16.365,-5.221,23.267,14.158111
2191,N,THR,A,144,,N,-17.797,-9.573,25.325,0.000000
2192,CA,THR,A,144,,C,-18.420,-10.019,26.524,0.000000
2193,C,THR,A,144,,C,-18.493,-11.557,26.507,2.104637
2194,O,THR,A,144,,O,-18.610,-12.196,27.549,12.329704
2195,CB,THR,A,144,,C,-19.749,-9.318,26.609,0.000000
2196,CG2,THR,A,144,,C,-20.880,-10.282,26.412,0.000000
2197,OG1,THR,A,144,,O,-19.824,-8.601,27.840,0.000000
2198,H01,THR,A,144,,H,-17.862,-9.770,27.427,0.000000
2199,H02,THR,A,144,,H,-19.840,-8.592,25.801,0.000000
2200,H03,THR,A,144,,H,-21.732,-9.758,25.978,0.000000
2201,H04,THR,A,144,,H,-20.565,-11.081,25.740,0.000000
2202,H05,THR,A,144,,H,-21.167,-10.707,27.374,0.000000
2203,H06,THR,A,144,,H,-19.258,-7.827,27.795,0.000000
2204,H08,THR,A,144,,H,-18.295,-9.612,24.447,0.000000
2205,N,GLY,A,145,,N,-18.391,-12.147,25.324,0.000000
2206,CA,GLY,A,145,,C,-18.281,-13.582,25.184,6.313910
2207,C,GLY,A,145,,C,-19.603,-14.326,25.099,0.000000
2208,O,GLY,A,145,,O,-19.643,-15.553,24.886,3.522773
2209,H01,GLY,A,145,,H,-17.791,-13.938,26.090,15.573922
2210,H02,GLY,A,145,,H,-17.717,-13.791,24.275,4.247433
2211,H07,GLY,A,145,,H,-18.390,-11.574,24.492,0.000000
2212,N,TYR,A,146,,N,-20.707,-13.605,25.265,0.000000
2213,CA,TYR,A,146,,C,-21.987,-14.289,25.265,0.000000
2214,C,TYR,A,146,,C,-22.188,-14.718,23.846,0.000000
2215,O,TYR,A,146,,O,-21.333,-14.489,23.028,0.000000
2216,CB,TYR,A,146,,C,-23.123,-13.441,25.826,0.000000
2217,CG,TYR,A,146,,C,-23.051,-13.332,27.337,0.000000
2218,CD1,TYR,A,146,,C,-21.849,-13.053,27.970,0.000000
2219,CD2,TYR,A,146,,C,-24.154,-13.568,28.133,0.000000
2220,CE1,TYR,A,146,,C,-21.771,-12.972,29.333,2.104637
2221,CE2,TYR,A,146,,C,-24.073,-13.500,29.503,0.000000
2222,CZ,TYR,A,146,,C,-22.881,-13.198,30.090,0.000000
2223,OH,TYR,A,146,,O,-22.741,-13.108,31.436,0.000000
2224,H01,TYR,A,146,,H,-21.990,-15.147,25.937,2.831622
2225,H02,TYR,A,146,,H,-24.066,-13.923,25.566,0.000000
2226,H03,TYR,A,146,,H,-20.656,-12.604,25.388,0.000000
2227,H04,TYR,A,146,,H,-23.063,-12.441,25.396,0.000000
2228,H05,TYR,A,146,,H,-20.952,-12.896,27.371,0.000000
2229,H06,TYR,A,146,,H,-25.108,-13.813,27.666,0.000000
2230,H07,TYR,A,146,,H,-20.823,-12.727,29.812,2.831622
2231,H08,TYR,A,146,,H,-24.955,-13.686,30.115,0.000000
2232,H09,TYR,A,146,,H,-22.313,-13.901,31.768,0.000000
2233,N,ALA,A,147,,N,-23.268,-15.434,23.619,0.000000
2234,CA,ALA,A,147,,C,-23.588,-16.038,22.378,0.000000
2235,C,ALA,A,147,,C,-24.983,-15.538,22.133,0.000000
2236,O,ALA,A,147,,O,-25.766,-15.535,23.033,0.000000
2237,CB,ALA,A,147,,C,-23.595,-17.483,22.545,0.000000
2238,H01,ALA,A,147,,H,-22.895,-15.809,21.568,0.000000
2239,H02,ALA,A,147,,H,-24.570,-17.801,22.913,0.000000
2240,H03,ALA,A,147,,H,-23.396,-17.961,21.586,0.000000
2241,H04,ALA,A,147,,H,-22.825,-17.770,23.261,0.000000
2242,H10,ALA,A,147,,H,-23.915,-15.562,24.384,0.000000
2243,N,ASP,A,148,,N,-25.303,-15.068,20.942,0.000000
2244,CA,ASP,A,148,,C,-26.453,-14.173,20.808,0.000000
2245,C,ASP,A,148,,C,-27.783,-14.738,21.317,0.000000
2246,O,ASP,A,148,,O,-28.633,-13.969,21.770,0.000000
2247,CB,ASP,A,148,,C,-26.584,-13.614,19.379,2.104637
2248,CG,ASP,A,148,,C,-26.643,-14.681,18.299,0.000000
2249,OD1,ASP,A,148,,O,-25.971,-14.480,17.285,5.284159
2250,OD2,ASP,A,148,,O,-27.372,-15.684,18.417,0.000000
2251,H01,ASP,A,148,,H,-26.229,-13.347,21.483,0.000000
2252,H02,ASP,A,148,,H,-25.687,-13.024,19.189,1.415811
2253,H03,ASP,A,148,,H,-27.497,-13.020,19.325,4.247433
2254,H05,ASP,A,148,,H,-24.759,-15.324,20.130,0.000000
2255,N,THR,A,149,,N,-27.931,-16.066,21.279,0.000000
2256,CA,THR,A,149,,C,-29.175,-16.741,21.640,0.000000
2257,C,THR,A,149,,C,-28.980,-17.778,22.727,0.000000
2258,O,THR,A,149,,O,-27.897,-18.304,22.921,0.000000
2259,CB,THR,A,149,,C,-29.789,-17.413,20.410,0.000000
2260,CG2,THR,A,149,,C,-31.252,-17.826,20.686,6.313910
2261,OG1,THR,A,149,,O,-29.747,-16.488,19.308,0.000000
2262,H01,THR,A,149,,H,-29.846,-15.974,22.027,0.000000
2263,H02,THR,A,149,,H,-29.220,-18.311,20.171,0.000000
2264,H03,THR,A,149,,H,-31.894,-17.436,19.896,4.247433
2265,H04,THR,A,149,,H,-27.145,-16.629,20.987,0.000000
2266,H05,THR,A,149,,H,-31.325,-18.913,20.709,0.000000
2267,H06,THR,A,149,,H,-31.570,-17.419,21.646,0.000000
2268,H07,THR,A,149,,H,-30.466,-15.857,19.392,0.000000
2269,N,ARG,A,150,,N,-30.044,-18.057,23.467,0.000000
2270,CA,ARG,A,150,,C,-29.948,-18.951,24.622,0.000000
2271,C,ARG,A,150,,C,-31.329,-19.441,24.963,0.000000
2272,O,ARG,A,150,,O,-32.279,-18.643,24.993,1.761386
2273,CB,ARG,A,150,,C,-29.375,-18.187,25.801,0.000000
2274,CG,ARG,A,150,,C,-28.682,-18.983,26.901,0.000000
2275,CD,ARG,A,150,,C,-28.811,-18.149,28.153,0.000000
2276,NE,ARG,A,150,,N,-27.648,-18.012,29.028,0.000000
2277,CZ,ARG,A,150,,C,-26.531,-17.358,28.736,0.000000
2278,NH1,ARG,A,150,,N,-25.586,-17.258,29.659,0.000000
2279,NH2,ARG,A,150,,N,-26.340,-16.833,27.525,0.000000
2280,H01,ARG,A,150,,H,-29.299,-19.796,24.392,0.000000
2281,H02,ARG,A,150,,H,-30.245,-17.749,26.290,0.000000
2282,H03,ARG,A,150,,H,-28.648,-17.478,25.406,0.000000
2283,H04,ARG,A,150,,H,-27.639,-19.182,26.656,0.000000
2284,H05,ARG,A,150,,H,-29.168,-19.949,27.036,0.000000
2285,H06,ARG,A,150,,H,-29.535,-18.693,28.759,0.000000
2286,H07,ARG,A,150,,H,-29.099,-17.145,27.842,0.000000
2287,H08,ARG,A,150,,H,-30.936,-17.646,23.230,0.000000
2288,H09,ARG,A,150,,H,-27.699,-18.454,29.935,1.415811
2289,H10,ARG,A,150,,H,-24.725,-16.774,29.450,0.000000
2290,H11,ARG,A,150,,H,-25.727,-17.666,30.572,0.000000
2291,H12,ARG,A,150,,H,-27.056,-16.920,26.818,0.000000
2292,H13,ARG,A,150,,H,-25.479,-16.348,27.315,0.000000
2293,N,VAL,A,151,,N,-31.452,-20.748,25.174,0.000000
2294,CA,VAL,A,151,,C,-32.670,-21.317,25.680,0.000000
2295,C,VAL,A,151,,C,-32.429,-21.817,27.094,0.000000
2296,O,VAL,A,151,,O,-31.341,-22.246,27.449,0.000000
2297,CB,VAL,A,151,,C,-33.191,-22.443,24.767,0.000000
2298,CG1,VAL,A,151,,C,-32.275,-23.668,24.825,2.104637
2299,CG2,VAL,A,151,,C,-34.659,-22.800,25.106,2.104637
2300,H01,VAL,A,151,,H,-33.443,-20.549,25.696,0.000000
2301,H02,VAL,A,151,,H,-33.177,-22.080,23.739,5.663244
2302,H03,VAL,A,151,,H,-31.346,-23.403,25.330,0.000000
2303,H04,VAL,A,151,,H,-32.771,-24.468,25.374,0.000000
2304,H05,VAL,A,151,,H,-32.053,-24.005,23.812,9.910678
2305,H06,VAL,A,151,,H,-35.301,-22.528,24.268,5.663244
2306,H07,VAL,A,151,,H,-34.740,-23.871,25.292,7.079055
2307,H08,VAL,A,151,,H,-34.971,-22.252,25.995,0.000000
2308,H14,VAL,A,151,,H,-30.670,-21.355,24.974,0.000000
2309,N,GLU,A,152,,N,-33.460,-21.713,27.921,0.000000
2310,CA,GLU,A,152,,C,-33.390,-22.207,29.281,0.000000
2311,C,GLU,A,152,,C,-34.755,-22.713,29.760,0.000000
2312,O,GLU,A,152,,O,-35.803,-22.148,29.465,0.000000
2313,CB,GLU,A,152,,C,-32.870,-21.144,30.219,0.000000
2314,CG,GLU,A,152,,C,-32.481,-21.724,31.548,0.000000
2315,CD,GLU,A,152,,C,-32.104,-20.686,32.567,0.000000
2316,OE1,GLU,A,152,,O,-32.459,-19.506,32.370,12.329704
2317,OE2,GLU,A,152,,O,-31.442,-21.050,33.569,12.329704
2318,H01,GLU,A,152,,H,-32.693,-23.045,29.287,0.000000
2319,H02,GLU,A,152,,H,-33.664,-20.416,30.384,0.000000
2320,H03,GLU,A,152,,H,-31.997,-20.670,29.769,0.000000
2321,H04,GLU,A,152,,H,-31.601,-22.345,31.382,0.000000
2322,H05,GLU,A,152,,H,-33.323,-22.298,31.935,0.000000
2323,H09,GLU,A,152,,H,-34.313,-21.280,27.596,0.000000
2324,N,THR,A,153,,N,-34.741,-23.811,30.490,0.000000
2325,CA,THR,A,153,,C,-35.977,-24.330,31.017,0.000000
2326,C,THR,A,153,,C,-35.765,-25.174,32.257,0.000000
2327,O,THR,A,153,,O,-34.802,-25.939,32.344,0.000000
2328,CB,THR,A,153,,C,-36.687,-25.178,30.003,0.000000
2329,CG2,THR,A,153,,C,-35.777,-26.292,29.532,4.209273
2330,OG1,THR,A,153,,O,-37.860,-25.722,30.626,1.761386
2331,H01,THR,A,153,,H,-36.578,-23.457,31.273,0.000000
2332,H02,THR,A,153,,H,-36.966,-24.581,29.135,0.000000
2333,H03,THR,A,153,,H,-34.832,-26.242,30.073,0.000000
2334,H04,THR,A,153,,H,-36.252,-27.255,29.721,2.831622
2335,H05,THR,A,153,,H,-35.590,-26.182,28.464,2.831622
2336,H06,THR,A,153,,H,-33.869,-24.285,30.678,0.000000
2337,H07,THR,A,153,,H,-38.083,-25.200,31.401,0.000000
2338,N,GLU,A,154,,N,-36.640,-24.989,33.235,0.000000
2339,CA,GLU,A,154,,C,-36.679,-25.914,34.357,0.000000
2340,C,GLU,A,154,,C,-38.124,-26.371,34.385,0.000000
2341,O,GLU,A,154,,O,-39.025,-25.556,34.482,1.761386
2342,CB,GLU,A,154,,C,-36.198,-25.283,35.675,0.000000
2343,CG,GLU,A,154,,C,-36.116,-26.276,36.800,0.000000
2344,CD,GLU,A,154,,C,-35.305,-25.828,38.067,2.104637
2345,OE1,GLU,A,154,,O,-34.358,-25.001,38.008,1.761386
2346,OE2,GLU,A,154,,O,-35.591,-26.377,39.148,0.000000
2347,H01,GLU,A,154,,H,-35.990,-26.750,34.240,0.000000
2348,H02,GLU,A,154,,H,-36.926,-24.524,35.960,0.000000
2349,H03,GLU,A,154,,H,-35.209,-24.854,35.516,0.000000
2350,H04,GLU,A,154,,H,-35.572,-27.129,36.394,0.000000
2351,H05,GLU,A,154,,H,-37.134,-26.502,37.119,0.000000
2352,H08,GLU,A,154,,H,-37.279,-24.207,33.201,0.000000
2353,N,THR,A,155,,N,-38.339,-27.664,34.216,0.000000
2354,CA,THR,A,155,,C,-39.662,-28.216,34.249,0.000000
2355,C,THR,A,155,,C,-39.596,-29.541,34.967,0.000000
2356,O,THR,A,155,,O,-38.539,-30.158,35.038,0.000000
2357,CB,THR,A,155,,C,-40.266,-28.353,32.798,0.000000
2358,CG2,THR,A,155,,C,-39.438,-29.326,31.903,8.418547
2359,OG1,THR,A,155,,O,-41.646,-28.768,32.865,0.000000
2360,H01,THR,A,155,,H,-40.334,-27.547,34.787,0.000000
2361,H02,THR,A,155,,H,-40.215,-27.370,32.330,0.000000
2362,H03,THR,A,155,,H,-38.461,-29.494,32.357,0.000000
2363,H04,THR,A,155,,H,-39.965,-30.276,31.814,7.079055
2364,H05,THR,A,155,,H,-39.307,-28.888,30.913,12.742300
2365,H06,THR,A,155,,H,-37.553,-28.278,34.060,0.000000
2366,H07,THR,A,155,,H,-41.946,-28.737,33.776,0.000000
2367,N,GLY,A,156,,N,-40.713,-29.961,35.542,0.000000
2368,CA,GLY,A,156,,C,-40.786,-31.311,36.119,2.104637
2369,C,GLY,A,156,,C,-42.055,-31.624,36.881,0.000000
2370,O,GLY,A,156,,O,-43.127,-31.066,36.597,0.000000
2371,H01,GLY,A,156,,H,-39.977,-31.370,36.847,0.000000
2372,H02,GLY,A,156,,H,-40.696,-32.030,35.305,8.494867
2373,H08,GLY,A,156,,H,-41.517,-29.352,35.584,0.000000
2374,N,LEU,A,157,,N,-41.918,-32.516,37.862,0.000000
2375,CA,LEU,A,157,,C,-43.055,-33.000,38.647,0.000000
2376,C,LEU,A,157,,C,-42.998,-32.612,40.131,0.000000
2377,O,LEU,A,157,,O,-41.941,-32.650,40.807,1.761386
2378,CB,LEU,A,157,,C,-43.164,-34.525,38.520,2.104637
2379,CG,LEU,A,157,,C,-43.808,-35.118,37.266,0.000000
2380,CD1,LEU,A,157,,C,-43.708,-34.166,36.069,0.000000
2381,CD2,LEU,A,157,,C,-43.170,-36.431,36.896,14.732457
2382,H01,LEU,A,157,,H,-43.938,-32.512,38.234,0.000000
2383,H02,LEU,A,157,,H,-43.845,-34.807,39.323,2.831622
2384,H03,LEU,A,157,,H,-40.996,-32.871,38.071,0.000000
2385,H04,LEU,A,157,,H,-42.152,-34.925,38.580,1.415811
2386,H05,LEU,A,157,,H,-44.860,-35.276,37.505,0.000000
2387,H06,LEU,A,157,,H,-42.659,-33.956,35.859,5.663244
2388,H07,LEU,A,157,,H,-44.167,-34.630,35.196,9.910678
2389,H08,LEU,A,157,,H,-44.225,-33.235,36.301,0.000000
2390,H09,LEU,A,157,,H,-42.195,-36.508,37.376,14.158111
2391,H10,LEU,A,157,,H,-43.805,-37.251,37.231,14.158111
2392,H11,LEU,A,157,,H,-43.047,-36.484,35.814,19.821355
2393,N,GLN,A,158,,N,-44.152,-32.228,40.648,0.000000
2394,CA,GLN,A,158,,C,-44.277,-32.036,42.067,0.000000
2395,C,GLN,A,158,,C,-45.311,-33.005,42.601,0.000000
2396,O,GLN,A,158,,O,-46.397,-33.139,42.006,0.000000
2397,CB,GLN,A,158,,C,-44.690,-30.614,42.411,0.000000
2398,CG,GLN,A,158,,C,-44.878,-30.407,43.893,0.000000
2399,CD,GLN,A,158,,C,-45.220,-29.005,44.209,0.000000
2400,NE2,GLN,A,158,,N,-45.017,-28.603,45.460,3.922216
2401,OE1,GLN,A,158,,O,-45.672,-28.274,43.334,8.806931
2402,H01,GLN,A,158,,H,-43.305,-32.218,42.525,0.000000
2403,H02,GLN,A,158,,H,-45.648,-30.423,41.927,0.000000
2404,H03,GLN,A,158,,H,-43.918,-29.930,42.057,0.000000
2405,H04,GLN,A,158,,H,-43.939,-30.649,44.392,0.000000
2406,H05,GLN,A,158,,H,-45.682,-31.055,44.242,0.000000
2407,H06,GLN,A,158,,H,-45.236,-27.654,45.727,26.900411
2408,H07,GLN,A,158,,H,-44.644,-29.247,46.143,0.000000
2409,H12,GLN,A,158,,H,-44.947,-32.069,40.045,0.000000
2410,N,TYR,A,159,,N,-44.933,-33.655,43.719,1.961108
2411,CA,TYR,A,159,,C,-45.765,-34.573,44.461,0.000000
2412,C,TYR,A,159,,C,-45.931,-34.043,45.895,0.000000
2413,O,TYR,A,159,,O,-44.921,-33.776,46.576,0.000000
2414,CB,TYR,A,159,,C,-45.116,-35.975,44.494,4.209273
2415,CG,TYR,A,159,,C,-45.857,-36.910,45.423,2.104637
2416,CD1,TYR,A,159,,C,-45.404,-37.158,46.701,6.313910
2417,CD2,TYR,A,159,,C,-47.072,-37.482,45.037,8.418547
2418,CE1,TYR,A,159,,C,-46.099,-37.995,47.555,6.313910
2419,CE2,TYR,A,159,,C,-47.789,-38.314,45.881,6.313910
2420,CZ,TYR,A,159,,C,-47.302,-38.569,47.135,4.209273
2421,OH,TYR,A,159,,O,-48.029,-39.381,47.973,28.182180
2422,H01,TYR,A,159,,H,-46.739,-34.653,43.978,0.000000
2423,H02,TYR,A,159,,H,-44.095,-35.869,44.861,4.247433
2424,H03,TYR,A,159,,H,-45.126,-36.394,43.488,5.663244
2425,H04,TYR,A,159,,H,-44.483,-36.687,47.044,0.000000
2426,H05,TYR,A,159,,H,-47.467,-37.267,44.044,0.000000
2427,H06,TYR,A,159,,H,-45.710,-38.206,48.551,0.000000
2428,H07,TYR,A,159,,H,-48.728,-38.759,45.552,5.663244
2429,H08,TYR,A,159,,H,-43.998,-33.488,44.064,0.000000
2430,H09,TYR,A,159,,H,-48.140,-38.948,48.823,12.742300
2431,N,THR,A,160,,N,-47.181,-33.934,46.374,0.000000
2432,CA,THR,A,160,,C,-47.436,-33.354,47.710,0.000000
2433,C,THR,A,160,,C,-47.836,-34.371,48.770,0.000000
2434,O,THR,A,160,,O,-48.961,-34.877,48.785,3.522773
2435,CB,THR,A,160,,C,-48.505,-32.269,47.669,0.000000
2436,CG2,THR,A,160,,C,-48.543,-31.507,48.995,2.104637
2437,OG1,THR,A,160,,O,-48.205,-31.365,46.616,3.522773
2438,H01,THR,A,160,,H,-46.473,-32.931,47.995,0.000000
2439,H02,THR,A,160,,H,-49.478,-32.732,47.502,5.663244
2440,H03,THR,A,160,,H,-49.434,-30.880,49.028,18.405544
2441,H04,THR,A,160,,H,-48.568,-32.217,49.822,0.000000
2442,H05,THR,A,160,,H,-47.655,-30.880,49.080,2.831622
2443,H06,THR,A,160,,H,-48.302,-30.463,46.930,9.910678
2444,H10,THR,A,160,,H,-47.958,-34.253,45.813,0.000000
2445,N,PHE,A,161,,N,-46.929,-34.636,49.691,0.000000
2446,CA,PHE,A,161,,C,-47.205,-35.608,50.722,0.000000
2447,C,PHE,A,161,,C,-48.375,-35.150,51.593,0.000000
2448,O,PHE,A,161,,O,-49.209,-35.950,52.004,22.898022
2449,CB,PHE,A,161,,C,-46.017,-35.787,51.621,0.000000
2450,CG,PHE,A,161,,C,-44.935,-36.622,51.045,0.000000
2451,CD1,PHE,A,161,,C,-44.246,-36.219,49.921,0.000000
2452,CD2,PHE,A,161,,C,-44.532,-37.791,51.686,10.523183
2453,CE1,PHE,A,161,,C,-43.188,-36.976,49.418,0.000000
2454,CE2,PHE,A,161,,C,-43.469,-38.531,51.186,10.523183
2455,CZ,PHE,A,161,,C,-42.802,-38.122,50.045,8.418547
2456,H01,PHE,A,161,,H,-47.444,-36.547,50.222,0.000000
2457,H02,PHE,A,161,,H,-46.374,-36.309,52.509,0.000000
2458,H03,PHE,A,161,,H,-45.606,-34.802,51.845,0.000000
2459,H04,PHE,A,161,,H,-44.532,-35.295,49.418,0.000000
2460,H05,PHE,A,161,,H,-45.053,-38.126,52.583,15.573922
2461,H06,PHE,A,161,,H,-42.667,-36.649,48.518,0.000000
2462,H07,PHE,A,161,,H,-46.040,-34.158,49.675,0.000000
2463,H08,PHE,A,161,,H,-43.157,-39.442,51.697,24.068789
2464,H09,PHE,A,161,,H,-41.974,-38.712,49.651,19.821355
2465,N,ASN,A,162,,N,-48.391,-33.849,51.862,0.000000
2466,CA,ASN,A,162,,C,-49.350,-33.204,52.729,0.000000
2467,C,ASN,A,162,,C,-48.897,-31.756,52.908,0.000000
2468,O,ASN,A,162,,O,-47.824,-31.384,52.424,1.761386
2469,CB,ASN,A,162,,C,-49.375,-33.907,54.080,8.418547
2470,CG,ASN,A,162,,C,-48.004,-34.132,54.640,6.313910
2471,ND2,ASN,A,162,,N,-47.579,-35.369,54.646,9.805539
2472,OD1,ASN,A,162,,O,-47.339,-33.212,55.080,1.761386
2473,H01,ASN,A,162,,H,-50.351,-33.246,52.300,16.989733
2474,H02,ASN,A,162,,H,-49.835,-34.884,53.934,8.494867
2475,H03,ASN,A,162,,H,-49.943,-33.296,54.781,11.326489
2476,H04,ASN,A,162,,H,-46.666,-35.587,55.018,12.742300
2477,H05,ASN,A,162,,H,-48.164,-36.106,54.279,9.910678
2478,H10,ASN,A,162,,H,-47.684,-33.271,51.431,0.000000
2479,N,GLU,A,163,,N,-49.662,-30.958,53.647,0.000000
2480,CA,GLU,A,163,,C,-49.397,-29.503,53.758,0.000000
2481,C,GLU,A,163,,C,-47.996,-29.137,54.318,0.000000
2482,O,GLU,A,163,,O,-47.549,-28.008,54.164,3.522773
2483,CB,GLU,A,163,,C,-50.530,-28.773,54.541,2.104637
2484,CG,GLU,A,163,,C,-50.836,-29.358,55.950,4.209273
2485,CD,GLU,A,163,,C,-51.166,-28.307,57.018,8.418547
2486,OE1,GLU,A,163,,O,-51.824,-27.285,56.694,38.750498
2487,OE2,GLU,A,163,,O,-50.780,-28.517,58.196,38.750498
2488,H01,GLU,A,163,,H,-49.393,-29.142,52.730,9.910678
2489,H02,GLU,A,163,,H,-51.439,-28.902,53.953,19.821355
2490,H03,GLU,A,163,,H,-50.240,-27.729,54.663,9.910678
2491,H04,GLU,A,163,,H,-49.927,-29.860,56.281,2.831622
2492,H05,GLU,A,163,,H,-51.687,-30.033,55.861,18.405544
2493,H06,GLU,A,163,,H,-50.445,-31.354,54.147,4.247433
2494,N,THR,A,164,,N,-47.312,-30.089,54.945,0.000000
2495,CA,THR,A,164,,C,-45.981,-29.877,55.532,0.000000
2496,C,THR,A,164,,C,-44.824,-30.352,54.665,0.000000
2497,O,THR,A,164,,O,-43.726,-29.819,54.792,0.000000
2498,CB,THR,A,164,,C,-45.863,-30.656,56.799,2.104637
2499,CG2,THR,A,164,,C,-44.438,-30.659,57.321,2.104637
2500,OG1,THR,A,164,,O,-46.740,-30.084,57.767,17.613863
2501,H01,THR,A,164,,H,-45.908,-28.798,55.664,0.000000
2502,H02,THR,A,164,,H,-46.138,-31.692,56.604,1.415811
2503,H03,THR,A,164,,H,-43.822,-30.012,56.697,0.000000
2504,H04,THR,A,164,,H,-44.426,-30.292,58.347,4.247433
2505,H05,THR,A,164,,H,-44.042,-31.674,57.293,12.742300
2506,H06,THR,A,164,,H,-47.729,-31.006,55.022,0.000000
2507,H07,THR,A,164,,H,-46.872,-29.154,57.570,4.247433
2508,N,VAL,A,165,,N,-45.021,-31.354,53.802,0.000000
2509,CA,VAL,A,165,,C,-43.893,-31.877,52.993,0.000000
2510,C,VAL,A,165,,C,-44.243,-32.093,51.532,0.000000
2511,O,VAL,A,165,,O,-45.314,-32.638,51.235,0.000000
2512,CB,VAL,A,165,,C,-43.387,-33.176,53.537,0.000000
2513,CG1,VAL,A,165,,C,-42.351,-33.752,52.593,2.104637
2514,CG2,VAL,A,165,,C,-42.779,-32.948,54.919,2.104637
2515,H01,VAL,A,165,,H,-43.126,-31.105,53.056,0.000000
2516,H02,VAL,A,165,,H,-44.212,-33.883,53.627,0.000000
2517,H03,VAL,A,165,,H,-41.424,-33.933,53.138,2.831622
2518,H04,VAL,A,165,,H,-42.718,-34.691,52.179,0.000000
2519,H05,VAL,A,165,,H,-42.164,-33.046,51.784,0.000000
2520,H06,VAL,A,165,,H,-41.889,-32.326,54.826,0.000000
2521,H07,VAL,A,165,,H,-43.506,-32.447,55.558,0.000000
2522,H08,VAL,A,165,,H,-45.942,-31.757,53.700,0.000000
2523,H09,VAL,A,165,,H,-42.507,-33.907,55.360,19.821355
2524,N,ALA,A,166,,N,-43.341,-31.659,50.636,0.000000
2525,CA,ALA,A,166,,C,-43.492,-31.860,49.181,0.000000
2526,C,ALA,A,166,,C,-42.199,-32.362,48.502,0.000000
2527,O,ALA,A,166,,O,-41.134,-32.308,49.092,0.000000
2528,CB,ALA,A,166,,C,-43.954,-30.565,48.525,0.000000
2529,H01,ALA,A,166,,H,-44.242,-32.639,49.045,0.000000
2530,H02,ALA,A,166,,H,-44.870,-30.221,49.006,7.079055
2531,H03,ALA,A,166,,H,-43.180,-29.805,48.634,0.000000
2532,H04,ALA,A,166,,H,-44.144,-30.741,47.466,0.000000
2533,H10,ALA,A,166,,H,-42.522,-31.173,50.973,0.000000
2534,N,LEU,A,167,,N,-42.303,-32.866,47.273,0.000000
2535,CA,LEU,A,167,,C,-41.143,-33.282,46.499,0.000000
2536,C,LEU,A,167,,C,-41.225,-32.753,45.055,0.000000
2537,O,LEU,A,167,,O,-42.214,-32.957,44.321,0.000000
2538,CB,LEU,A,167,,C,-40.986,-34.819,46.505,0.000000
2539,CG,LEU,A,167,,C,-39.719,-35.397,45.819,0.000000
2540,CD1,LEU,A,167,,C,-38.472,-34.753,46.371,2.104637
2541,CD2,LEU,A,167,,C,-39.579,-36.946,45.945,14.732457
2542,H01,LEU,A,167,,H,-40.261,-32.851,46.973,0.000000
2543,H02,LEU,A,167,,H,-41.824,-35.193,45.916,0.000000
2544,H03,LEU,A,167,,H,-40.977,-35.146,47.545,0.000000
2545,H04,LEU,A,167,,H,-39.839,-35.167,44.760,0.000000
2546,H05,LEU,A,167,,H,-43.221,-32.963,46.863,0.000000
2547,H06,LEU,A,167,,H,-37.694,-34.755,45.607,1.415811
2548,H07,LEU,A,167,,H,-38.691,-33.726,46.663,0.000000
2549,H08,LEU,A,167,,H,-38.128,-35.313,47.241,4.247433
2550,H09,LEU,A,167,,H,-38.682,-37.184,46.517,15.573922
2551,H10,LEU,A,167,,H,-40.453,-37.350,46.456,7.079055
2552,H11,LEU,A,167,,H,-39.502,-37.387,44.951,14.158111
2553,N,ARG,A,168,,N,-40.180,-32.044,44.656,0.000000
2554,CA,ARG,A,168,,C,-40.108,-31.483,43.320,0.000000
2555,C,ARG,A,168,,C,-38.906,-32.208,42.746,0.000000
2556,O,ARG,A,168,,O,-37.813,-32.180,43.358,0.000000
2557,CB,ARG,A,168,,C,-39.831,-29.944,43.339,0.000000
2558,CG,ARG,A,168,,C,-40.958,-28.986,43.746,0.000000
2559,CD,ARG,A,168,,C,-40.438,-27.533,43.970,0.000000
2560,NE,ARG,A,168,,N,-40.075,-26.787,42.737,3.922216
2561,CZ,ARG,A,168,,C,-39.248,-25.722,42.670,6.313910
2562,NH1,ARG,A,168,,N,-38.997,-25.151,41.492,11.766647
2563,NH2,ARG,A,168,,N,-38.648,-25.228,43.761,9.805539
2564,H01,ARG,A,168,,H,-41.036,-31.603,42.761,0.000000
2565,H02,ARG,A,168,,H,-39.649,-29.701,42.292,0.000000
2566,H03,ARG,A,168,,H,-39.005,-29.777,44.030,0.000000
2567,H04,ARG,A,168,,H,-41.378,-29.342,44.687,0.000000
2568,H05,ARG,A,168,,H,-41.711,-28.973,42.958,0.000000
2569,H06,ARG,A,168,,H,-39.516,-27.630,44.543,0.000000
2570,H07,ARG,A,168,,H,-41.218,-26.972,44.486,8.494867
2571,H08,ARG,A,168,,H,-40.484,-27.106,41.870,1.415811
2572,H09,ARG,A,168,,H,-38.373,-24.359,41.438,12.742300
2573,H10,ARG,A,168,,H,-39.431,-25.510,40.654,8.494867
2574,H11,ARG,A,168,,H,-38.816,-25.648,44.664,4.247433
2575,H12,ARG,A,168,,H,-39.415,-31.890,45.297,0.000000
2576,H13,ARG,A,168,,H,-38.027,-24.435,43.681,16.989733
2577,N,VAL,A,169,,N,-39.096,-32.872,41.603,0.000000
2578,CA,VAL,A,169,,C,-37.955,-33.298,40.799,0.000000
2579,C,VAL,A,169,,C,-38.112,-32.787,39.374,0.000000
2580,O,VAL,A,169,,O,-39.141,-33.022,38.695,1.761386
2581,CB,VAL,A,169,,C,-37.647,-34.855,40.763,0.000000
2582,CG1,VAL,A,169,,C,-38.151,-35.604,42.008,0.000000
2583,CG2,VAL,A,169,,C,-38.114,-35.487,39.404,12.627820
2584,H01,VAL,A,169,,H,-37.096,-32.859,41.306,0.000000
2585,H02,VAL,A,169,,H,-36.565,-34.975,40.807,1.415811
2586,H03,VAL,A,169,,H,-39.168,-35.954,41.834,9.910678
2587,H04,VAL,A,169,,H,-37.503,-36.458,42.206,18.405544
2588,H05,VAL,A,169,,H,-38.141,-34.932,42.866,0.000000
2589,H06,VAL,A,169,,H,-38.986,-34.948,39.034,0.000000
2590,H07,VAL,A,169,,H,-37.308,-35.417,38.674,7.079055
2591,H08,VAL,A,169,,H,-38.374,-36.534,39.560,16.989733
2592,H14,VAL,A,169,,H,-40.034,-33.080,41.293,0.000000
2593,N,ASN,A,170,,N,-37.061,-32.094,38.950,0.000000
2594,CA,ASN,A,170,,C,-37.069,-31.345,37.718,0.000000
2595,C,ASN,A,170,,C,-35.915,-31.707,36.841,0.000000
2596,O,ASN,A,170,,O,-34.816,-32.030,37.324,0.000000
2597,CB,ASN,A,170,,C,-36.955,-29.820,37.992,0.000000
2598,CG,ASN,A,170,,C,-38.215,-29.237,38.496,0.000000
2599,ND2,ASN,A,170,,N,-38.097,-28.249,39.370,0.000000
2600,OD1,ASN,A,170,,O,-39.310,-29.670,38.110,1.761386
2601,H01,ASN,A,170,,H,-38.011,-31.588,37.227,0.000000
2602,H02,ASN,A,170,,H,-36.721,-29.332,37.046,0.000000
2603,H03,ASN,A,170,,H,-36.173,-29.655,38.733,0.000000
2604,H04,ASN,A,170,,H,-38.923,-27.811,39.752,1.415811
2605,H05,ASN,A,170,,H,-37.181,-27.933,39.655,0.000000
2606,H09,ASN,A,170,,H,-36.223,-32.092,39.513,0.000000
2607,N,TYR,A,171,,N,-36.184,-31.549,35.552,1.961108
2608,CA,TYR,A,171,,C,-35.178,-31.446,34.522,0.000000
2609,C,TYR,A,171,,C,-34.838,-29.979,34.245,0.000000
2610,O,TYR,A,171,,O,-35.692,-29.203,33.827,0.000000
2611,CB,TYR,A,171,,C,-35.765,-32.055,33.258,2.104637
2612,CG,TYR,A,171,,C,-34.906,-31.905,32.044,2.104637
2613,CD1,TYR,A,171,,C,-33.802,-32.708,31.850,6.313910
2614,CD2,TYR,A,171,,C,-35.207,-30.966,31.091,4.209273
2615,CE1,TYR,A,171,,C,-33.026,-32.581,30.738,8.418547
2616,CE2,TYR,A,171,,C,-34.438,-30.823,29.981,10.523183
2617,CZ,TYR,A,171,,C,-33.350,-31.631,29.803,4.209273
2618,OH,TYR,A,171,,O,-32.610,-31.472,28.660,10.568318
2619,H01,TYR,A,171,,H,-34.269,-31.959,34.837,0.000000
2620,H02,TYR,A,171,,H,-36.690,-31.515,33.053,1.415811
2621,H03,TYR,A,171,,H,-35.925,-33.119,33.434,11.326489
2622,H04,TYR,A,171,,H,-33.546,-33.457,32.599,2.831622
2623,H05,TYR,A,171,,H,-36.077,-30.324,31.227,0.000000
2624,H06,TYR,A,171,,H,-37.154,-31.498,35.274,1.415811
2625,H07,TYR,A,171,,H,-32.159,-33.226,30.593,4.247433
2626,H08,TYR,A,171,,H,-34.687,-30.068,29.236,5.663244
2627,H09,TYR,A,171,,H,-32.520,-30.537,28.464,0.000000
2628,N,TYR,A,172,,N,-33.577,-29.622,34.432,0.000000
2629,CA,TYR,A,172,,C,-33.069,-28.301,34.073,0.000000
2630,C,TYR,A,172,,C,-32.172,-28.383,32.852,0.000000
2631,O,TYR,A,172,,O,-31.229,-29.172,32.842,0.000000
2632,CB,TYR,A,172,,C,-32.241,-27.724,35.221,0.000000
2633,CG,TYR,A,172,,C,-31.594,-26.402,34.852,0.000000
2634,CD1,TYR,A,172,,C,-30.317,-26.362,34.292,0.000000
2635,CD2,TYR,A,172,,C,-32.259,-25.192,35.057,0.000000
2636,CE1,TYR,A,172,,C,-29.712,-25.156,33.951,0.000000
2637,CE2,TYR,A,172,,C,-31.652,-23.972,34.722,0.000000
2638,CZ,TYR,A,172,,C,-30.379,-23.971,34.162,0.000000
2639,OH,TYR,A,172,,O,-29.771,-22.802,33.807,0.000000
2640,H01,TYR,A,172,,H,-33.928,-27.665,33.863,0.000000
2641,H02,TYR,A,172,,H,-31.446,-28.434,35.450,0.000000
2642,H03,TYR,A,172,,H,-32.892,-27.569,36.081,0.000000
2643,H04,TYR,A,172,,H,-29.782,-27.295,34.118,0.000000
2644,H05,TYR,A,172,,H,-33.262,-25.195,35.483,0.000000
2645,H06,TYR,A,172,,H,-28.712,-25.150,33.518,0.000000
2646,H07,TYR,A,172,,H,-32.174,-23.032,34.899,1.415811
2647,H08,TYR,A,172,,H,-29.659,-22.250,34.584,7.079055
2648,H10,TYR,A,172,,H,-32.940,-30.291,34.840,0.000000
2649,N,LEU,A,173,,N,-32.441,-27.532,31.858,0.000000
2650,CA,LEU,A,173,,C,-31.629,-27.415,30.605,0.000000
2651,C,LEU,A,173,,C,-31.303,-25.948,30.259,0.000000
2652,O,LEU,A,173,,O,-32.202,-25.095,30.314,0.000000
2653,CB,LEU,A,173,,C,-32.377,-28.006,29.424,0.000000
2654,CG,LEU,A,173,,C,-31.776,-27.604,28.077,0.000000
2655,CD1,LEU,A,173,,C,-30.390,-28.226,27.962,0.000000
2656,CD2,LEU,A,173,,C,-32.681,-28.025,26.945,8.418547
2657,H01,LEU,A,173,,H,-30.703,-27.959,30.791,0.000000
2658,H02,LEU,A,173,,H,-33.396,-27.619,29.456,0.000000
2659,H03,LEU,A,173,,H,-32.354,-29.093,29.505,0.000000
2660,H04,LEU,A,173,,H,-31.681,-26.520,28.014,0.000000
2661,H05,LEU,A,173,,H,-29.686,-27.658,28.570,0.000000
2662,H06,LEU,A,173,,H,-30.423,-29.257,28.314,0.000000
2663,H07,LEU,A,173,,H,-30.068,-28.208,26.921,2.831622
2664,H08,LEU,A,173,,H,-33.569,-27.393,26.936,5.663244
2665,H09,LEU,A,173,,H,-33.244,-26.928,31.958,0.000000
2666,H10,LEU,A,173,,H,-32.152,-27.921,25.998,9.910678
2667,H11,LEU,A,173,,H,-32.977,-29.065,27.084,5.663244
2668,N,GLU,A,174,,N,-30.037,-25.687,29.890,0.000000
2669,CA,GLU,A,174,,C,-29.558,-24.353,29.489,0.000000
2670,C,GLU,A,174,,C,-28.608,-24.377,28.254,0.000000
2671,O,GLU,A,174,,O,-27.419,-24.713,28.374,0.000000
2672,CB,GLU,A,174,,C,-28.865,-23.677,30.681,0.000000
2673,CG,GLU,A,174,,C,-28.677,-22.148,30.531,0.000000
2674,CD,GLU,A,174,,C,-27.715,-21.529,31.543,0.000000
2675,OE1,GLU,A,174,,O,-26.831,-22.230,32.104,1.761386
2676,OE2,GLU,A,174,,O,-27.833,-20.311,31.761,12.329704
2677,H01,GLU,A,174,,H,-30.434,-23.781,29.184,0.000000
2678,H02,GLU,A,174,,H,-27.866,-24.107,30.743,0.000000
2679,H03,GLU,A,174,,H,-29.464,-23.861,31.573,0.000000
2680,H04,GLU,A,174,,H,-29.652,-21.695,30.712,0.000000
2681,H05,GLU,A,174,,H,-28.296,-21.947,29.530,0.000000
2682,H12,GLU,A,174,,H,-29.376,-26.450,29.888,0.000000
2683,N,ARG,A,175,,N,-29.113,-23.992,27.078,0.000000
2684,CA,ARG,A,175,,C,-28.280,-23.952,25.843,0.000000
2685,C,ARG,A,175,,C,-27.996,-22.527,25.381,0.000000
2686,O,ARG,A,175,,O,-28.894,-21.824,24.957,0.000000
2687,CB,ARG,A,175,,C,-28.952,-24.718,24.685,0.000000
2688,CG,ARG,A,175,,C,-28.604,-26.211,24.572,0.000000
2689,CD,ARG,A,175,,C,-27.797,-26.569,23.296,2.104637
2690,NE,ARG,A,175,,N,-26.555,-25.797,23.181,0.000000
2691,CZ,ARG,A,175,,C,-25.805,-25.708,22.082,0.000000
2692,NH1,ARG,A,175,,N,-26.148,-26.340,20.968,9.805539
2693,NH2,ARG,A,175,,N,-24.706,-24.969,22.093,0.000000
2694,H01,ARG,A,175,,H,-27.337,-24.432,26.105,0.000000
2695,H02,ARG,A,175,,H,-28.574,-24.259,23.771,0.000000
2696,H03,ARG,A,175,,H,-30.031,-24.635,24.812,0.000000
2697,H04,ARG,A,175,,H,-29.547,-26.754,24.514,7.079055
2698,H05,ARG,A,175,,H,-28.014,-26.494,25.444,0.000000
2699,H06,ARG,A,175,,H,-30.085,-23.721,27.025,0.000000
2700,H07,ARG,A,175,,H,-28.418,-26.327,22.433,9.910678
2701,H08,ARG,A,175,,H,-27.548,-27.630,23.325,11.326489
2702,H09,ARG,A,175,,H,-26.243,-25.293,23.999,0.000000
2703,H10,ARG,A,175,,H,-25.571,-26.258,20.143,18.405544
2704,H11,ARG,A,175,,H,-26.986,-26.903,20.944,14.158111
2705,H12,ARG,A,175,,H,-24.436,-24.479,22.934,0.000000
2706,H13,ARG,A,175,,H,-24.138,-24.896,21.261,4.247433
2707,N,GLY,A,176,,N,-26.736,-22.113,25.466,0.000000
2708,CA,GLY,A,176,,C,-26.258,-20.940,24.723,0.000000
2709,C,GLY,A,176,,C,-25.773,-21.352,23.331,0.000000
2710,O,GLY,A,176,,O,-24.964,-22.270,23.194,0.000000
2711,H01,GLY,A,176,,H,-25.428,-20.491,25.268,0.000000
2712,H02,GLY,A,176,,H,-27.071,-20.221,24.623,0.000000
2713,H14,GLY,A,176,,H,-26.091,-22.618,26.057,0.000000
2714,N,PHE,A,177,,N,-26.274,-20.687,22.297,0.000000
2715,CA,PHE,A,177,,C,-25.766,-20.887,20.920,0.000000
2716,C,PHE,A,177,,C,-25.928,-19.637,20.079,0.000000
2717,O,PHE,A,177,,O,-26.743,-18.764,20.373,0.000000
2718,CB,PHE,A,177,,C,-26.457,-22.059,20.219,0.000000
2719,CG,PHE,A,177,,C,-27.944,-21.903,20.120,0.000000
2720,CD1,PHE,A,177,,C,-28.747,-22.029,21.252,2.104637
2721,CD2,PHE,A,177,,C,-28.545,-21.588,18.923,6.313910
2722,CE1,PHE,A,177,,C,-30.118,-21.870,21.165,2.104637
2723,CE2,PHE,A,177,,C,-29.921,-21.395,18.841,6.313910
2724,CZ,PHE,A,177,,C,-30.700,-21.549,19.948,6.313910
2725,H01,PHE,A,177,,H,-24.705,-21.116,21.018,0.000000
2726,H02,PHE,A,177,,H,-26.267,-22.949,20.820,0.000000
2727,H03,PHE,A,177,,H,-27.022,-20.027,22.454,0.000000
2728,H04,PHE,A,177,,H,-26.051,-22.147,19.211,4.247433
2729,H05,PHE,A,177,,H,-28.290,-22.255,22.215,0.000000
2730,H06,PHE,A,177,,H,-27.934,-21.488,18.026,5.663244
2731,H07,PHE,A,177,,H,-30.740,-21.997,22.051,0.000000
2732,H08,PHE,A,177,,H,-30.376,-21.120,17.889,7.079055
2733,H09,PHE,A,177,,H,-31.780,-21.420,19.877,19.821355
2734,N,ASN,A,178,,N,-25.141,-19.563,19.020,0.000000
2735,CA,ASN,A,178,,C,-25.162,-18.405,18.146,0.000000
2736,C,ASN,A,178,,C,-26.051,-18.660,16.939,0.000000
2737,O,ASN,A,178,,O,-25.918,-19.684,16.270,17.613863
2738,CB,ASN,A,178,,C,-23.744,-18.068,17.733,0.000000
2739,CG,ASN,A,178,,C,-22.881,-17.707,18.916,0.000000
2740,ND2,ASN,A,178,,N,-23.066,-16.485,19.445,0.000000
2741,OD1,ASN,A,178,,O,-22.058,-18.512,19.362,0.000000
2742,H01,ASN,A,178,,H,-25.582,-17.552,18.679,0.000000
2743,H02,ASN,A,178,,H,-23.783,-17.204,17.070,0.000000
2744,H03,ASN,A,178,,H,-23.309,-18.931,17.230,1.415811
2745,H04,ASN,A,178,,H,-22.517,-16.191,20.240,0.000000
2746,H05,ASN,A,178,,H,-23.754,-15.861,19.047,0.000000
2747,H10,ASN,A,178,,H,-24.513,-20.327,18.815,0.000000
2748,N,MET,A,179,,N,-26.997,-17.749,16.711,0.000000
2749,CA,MET,A,179,,C,-27.856,-17.777,15.516,0.000000
2750,C,MET,A,179,,C,-27.115,-17.158,14.359,0.000000
2751,O,MET,A,179,,O,-27.456,-17.391,13.203,22.898022
2752,CB,MET,A,179,,C,-29.118,-16.952,15.735,0.000000
2753,CG,MET,A,179,,C,-30.022,-17.489,16.793,0.000000
2754,SD,MET,A,179,,S,-31.390,-18.414,16.139,29.470925
2755,CE,MET,A,179,,C,-32.690,-17.191,16.334,8.418547
2756,H01,MET,A,179,,H,-28.120,-18.815,15.315,5.663244
2757,H02,MET,A,179,,H,-29.678,-16.981,14.800,8.494867
2758,H03,MET,A,179,,H,-28.822,-15.942,16.017,1.415811
2759,H04,MET,A,179,,H,-30.435,-16.635,17.330,0.000000
2760,H05,MET,A,179,,H,-29.443,-18.141,17.447,0.000000
2761,H06,MET,A,179,,H,-27.130,-17.009,17.386,0.000000
2762,H07,MET,A,179,,H,-33.573,-17.665,16.763,22.652977
2763,H08,MET,A,179,,H,-32.346,-16.397,16.997,0.000000
2764,H09,MET,A,179,,H,-32.941,-16.769,15.361,22.652977
2765,N,ASP,A,180,,N,-26.115,-16.346,14.683,0.000000
2766,CA,ASP,A,180,,C,-25.360,-15.614,13.691,0.000000
2767,C,ASP,A,180,,C,-24.068,-16.341,13.336,0.000000
2768,O,ASP,A,180,,O,-23.007,-16.072,13.897,0.000000
2769,CB,ASP,A,180,,C,-25.083,-14.200,14.202,0.000000
2770,CG,ASP,A,180,,C,-24.641,-13.248,13.100,6.313910
2771,OD1,ASP,A,180,,O,-25.412,-12.299,12.806,45.796043
2772,OD2,ASP,A,180,,O,-23.533,-13.445,12.540,17.613863
2773,H01,ASP,A,180,,H,-25.948,-15.546,12.776,7.079055
2774,H02,ASP,A,180,,H,-24.268,-14.267,14.923,2.831622
2775,H03,ASP,A,180,,H,-25.994,-13.809,14.656,8.494867
2776,H10,ASP,A,180,,H,-25.873,-16.236,15.657,0.000000
2777,N,ASP,A,181,,N,-24.170,-17.278,12.401,1.961108
2778,CA,ASP,A,181,,C,-22.992,-17.748,11.701,0.000000
2779,C,ASP,A,181,,C,-22.401,-16.510,10.985,2.104637
2780,O,ASP,A,181,,O,-23.166,-15.697,10.453,15.852477
2781,CB,ASP,A,181,,C,-23.335,-18.893,10.718,6.313910
2782,CG,ASP,A,181,,C,-23.981,-18.406,9.404,8.418547
2783,OD1,ASP,A,181,,O,-24.859,-17.514,9.431,22.898022
2784,OD2,ASP,A,181,,O,-23.618,-18.940,8.332,44.034657
2785,H01,ASP,A,181,,H,-22.263,-18.178,12.388,4.247433
2786,H02,ASP,A,181,,H,-24.064,-19.533,11.215,19.821355
2787,H03,ASP,A,181,,H,-22.416,-19.426,10.474,11.326489
2788,H04,ASP,A,181,,H,-25.075,-17.666,12.176,0.000000
2789,N,SER,A,182,,N,-21.085,-16.293,11.046,0.000000
2790,CA,SER,A,182,,C,-20.199,-17.030,11.926,0.000000
2791,C,SER,A,182,,C,-19.898,-16.221,13.190,0.000000
2792,O,SER,A,182,,O,-19.133,-15.244,13.158,10.568318
2793,CB,SER,A,182,,C,-18.894,-17.398,11.222,2.104637
2794,OG,SER,A,182,,O,-18.114,-18.255,12.048,10.568318
2795,H01,SER,A,182,,H,-20.708,-17.952,12.206,2.831622
2796,H02,SER,A,182,,H,-18.329,-16.487,11.022,15.573922
2797,H03,SER,A,182,,H,-19.121,-17.908,10.286,15.573922
2798,H04,SER,A,182,,H,-20.687,-15.581,10.450,15.573922
2799,H05,SER,A,182,,H,-17.884,-19.049,11.559,26.900411
2800,N,ARG,A,183,,N,-20.530,-16.622,14.293,0.000000
2801,CA,ARG,A,183,,C,-20.001,-16.339,15.615,0.000000
2802,C,ARG,A,183,,C,-20.020,-17.639,16.421,0.000000
2803,O,ARG,A,183,,O,-20.836,-18.525,16.157,5.284159
2804,CB,ARG,A,183,,C,-20.764,-15.201,16.299,2.104637
2805,CG,ARG,A,183,,C,-19.892,-14.344,17.224,0.000000
2806,CD,ARG,A,183,,C,-18.544,-13.919,16.567,2.104637
2807,NE,ARG,A,183,,N,-17.487,-14.944,16.649,0.000000
2808,CZ,ARG,A,183,,C,-16.319,-14.910,16.000,2.104637
2809,NH1,ARG,A,183,,N,-15.455,-15.907,16.160,19.611078
2810,NH2,ARG,A,183,,N,-16.000,-13.895,15.194,15.688862
2811,H01,ARG,A,183,,H,-18.973,-15.985,15.541,0.000000
2812,H02,ARG,A,183,,H,-21.532,-15.661,16.921,0.000000
2813,H03,ARG,A,183,,H,-21.186,-14.556,15.528,2.831622
2814,H04,ARG,A,183,,H,-19.652,-14.948,18.099,0.000000
2815,H05,ARG,A,183,,H,-20.447,-13.445,17.492,5.663244
2816,H06,ARG,A,183,,H,-21.396,-17.134,14.207,0.000000
2817,H07,ARG,A,183,,H,-18.184,-13.051,17.119,0.000000
2818,H08,ARG,A,183,,H,-18.729,-13.700,15.515,4.247433
2819,H09,ARG,A,183,,H,-17.660,-15.740,17.247,0.000000
2820,H10,ARG,A,183,,H,-14.570,-15.891,15.674,24.068789
2821,H11,ARG,A,183,,H,-15.684,-16.681,16.767,4.247433
2822,H12,ARG,A,183,,H,-16.647,-13.131,15.064,8.494867
2823,H13,ARG,A,183,,H,-15.111,-13.891,14.714,24.068789
2824,N,ASN,A,184,,N,-19.108,-17.741,17.390,0.000000
2825,CA,ASN,A,184,,C,-18.712,-19.016,18.009,0.000000
2826,C,ASN,A,184,,C,-18.552,-18.911,19.532,0.000000
2827,O,ASN,A,184,,O,-18.301,-19.904,20.219,1.761386
2828,CB,ASN,A,184,,C,-17.356,-19.430,17.399,0.000000
2829,CG,ASN,A,184,,C,-17.278,-20.911,17.076,6.313910
2830,ND2,ASN,A,184,,N,-17.892,-21.310,15.962,13.727755
2831,OD1,ASN,A,184,,O,-16.678,-21.688,17.818,29.943567
2832,H01,ASN,A,184,,H,-19.496,-19.748,17.815,0.000000
2833,H02,ASN,A,184,,H,-16.587,-19.218,18.141,8.494867
2834,H03,ASN,A,184,,H,-17.201,-18.865,16.480,1.415811
2835,H04,ASN,A,184,,H,-17.875,-22.285,15.697,24.068789
2836,H05,ASN,A,184,,H,-18.374,-20.638,15.383,4.247433
2837,H14,ASN,A,184,,H,-18.664,-16.895,17.717,0.000000
2838,N,ASN,A,185,,N,-18.735,-17.706,20.053,0.000000
2839,CA,ASN,A,185,,C,-18.165,-17.316,21.331,0.000000
2840,C,ASN,A,185,,C,-18.550,-18.147,22.534,0.000000
2841,O,ASN,A,185,,O,-17.705,-18.841,23.114,8.806931
2842,CB,ASN,A,185,,C,-18.534,-15.864,21.641,0.000000
2843,CG,ASN,A,185,,C,-17.720,-14.898,20.865,2.104637
2844,ND2,ASN,A,185,,N,-17.811,-14.974,19.553,1.961108
2845,OD1,ASN,A,185,,O,-16.992,-14.096,21.438,12.329704
2846,H01,ASN,A,185,,H,-17.096,-17.474,21.188,9.910678
2847,H02,ASN,A,185,,H,-18.339,-15.689,22.699,1.415811
2848,H03,ASN,A,185,,H,-19.586,-15.710,21.400,0.000000
2849,H04,ASN,A,185,,H,-17.273,-14.347,18.972,1.415811
2850,H05,ASN,A,185,,H,-18.419,-15.659,19.128,0.000000
2851,H06,ASN,A,185,,H,-19.291,-17.035,19.543,0.000000
2852,N,GLY,A,186,,N,-19.809,-18.044,22.932,0.000000
2853,CA,GLY,A,186,,C,-20.198,-18.476,24.257,0.000000
2854,C,GLY,A,186,,C,-21.091,-19.694,24.218,0.000000
2855,O,GLY,A,186,,O,-22.070,-19.763,24.964,0.000000
2856,H01,GLY,A,186,,H,-20.757,-17.665,24.724,0.000000
2857,H02,GLY,A,186,,H,-19.300,-18.715,24.827,0.000000
2858,H06,GLY,A,186,,H,-20.503,-17.661,22.306,0.000000
2859,N,GLU,A,187,,N,-20.774,-20.638,23.335,0.000000
2860,CA,GLU,A,187,,C,-21.642,-21.781,23.097,0.000000
2861,C,GLU,A,187,,C,-21.432,-22.797,24.198,0.000000
2862,O,GLU,A,187,,O,-20.312,-23.053,24.607,0.000000
2863,CB,GLU,A,187,,C,-21.389,-22.404,21.717,0.000000
2864,CG,GLU,A,187,,C,-21.821,-21.518,20.569,0.000000
2865,CD,GLU,A,187,,C,-21.423,-22.060,19.191,0.000000
2866,OE1,GLU,A,187,,O,-22.267,-22.045,18.249,21.136635
2867,OE2,GLU,A,187,,O,-20.263,-22.492,19.049,10.568318
2868,H01,GLU,A,187,,H,-22.679,-21.445,23.106,0.000000
2869,H02,GLU,A,187,,H,-21.985,-23.315,21.662,0.000000
2870,H03,GLU,A,187,,H,-19.910,-20.559,22.818,0.000000
2871,H04,GLU,A,187,,H,-20.322,-22.604,21.618,0.000000
2872,H05,GLU,A,187,,H,-21.313,-20.562,20.695,0.000000
2873,H06,GLU,A,187,,H,-22.906,-21.417,20.600,0.000000
2874,N,PHE,A,188,,N,-22.531,-23.356,24.690,0.000000
2875,CA,PHE,A,188,,C,-22.501,-24.257,25.848,0.000000
2876,C,PHE,A,188,,C,-23.839,-24.956,26.015,0.000000
2877,O,PHE,A,188,,O,-24.869,-24.519,25.491,0.000000
2878,CB,PHE,A,188,,C,-22.139,-23.515,27.146,0.000000
2879,CG,PHE,A,188,,C,-23.265,-22.663,27.714,0.000000
2880,CD1,PHE,A,188,,C,-24.298,-23.234,28.467,0.000000
2881,CD2,PHE,A,188,,C,-23.274,-21.278,27.532,0.000000
2882,CE1,PHE,A,188,,C,-25.327,-22.435,29.003,0.000000
2883,CE2,PHE,A,188,,C,-24.297,-20.471,28.068,0.000000
2884,CZ,PHE,A,188,,C,-25.319,-21.055,28.808,0.000000
2885,H01,PHE,A,188,,H,-21.725,-24.998,25.656,0.000000
2886,H02,PHE,A,188,,H,-21.325,-22.833,26.899,0.000000
2887,H03,PHE,A,188,,H,-21.858,-24.254,27.896,2.831622
2888,H04,PHE,A,188,,H,-24.306,-24.310,28.641,0.000000
2889,H05,PHE,A,188,,H,-22.471,-20.811,26.962,0.000000
2890,H06,PHE,A,188,,H,-26.133,-22.898,29.573,0.000000
2891,H07,PHE,A,188,,H,-23.419,-23.154,24.252,0.000000
2892,H08,PHE,A,188,,H,-24.287,-19.394,27.903,0.000000
2893,H09,PHE,A,188,,H,-26.110,-20.437,29.233,0.000000
2894,N,SER,A,189,,N,-23.802,-26.042,26.772,0.000000
2895,CA,SER,A,189,,C,-24.997,-26.783,27.134,0.000000
2896,C,SER,A,189,,C,-24.866,-27.435,28.511,0.000000
2897,O,SER,A,189,,O,-23.834,-28.047,28.822,0.000000
2898,CB,SER,A,189,,C,-25.290,-27.826,26.105,0.000000
2899,OG,SER,A,189,,O,-25.711,-28.997,26.751,5.284159
2900,H01,SER,A,189,,H,-25.822,-26.072,27.177,0.000000
2901,H02,SER,A,189,,H,-24.393,-28.030,25.521,0.000000
2902,H03,SER,A,189,,H,-26.076,-27.472,25.438,0.000000
2903,H04,SER,A,189,,H,-25.738,-28.848,27.699,0.000000
2904,H10,SER,A,189,,H,-22.908,-26.367,27.111,0.000000
2905,N,THR,A,190,,N,-25.909,-27.256,29.329,0.000000
2906,CA,THR,A,190,,C,-25.985,-27.777,30.688,0.000000
2907,C,THR,A,190,,C,-27.273,-28.582,30.807,0.000000
2908,O,THR,A,190,,O,-28.333,-28.209,30.308,0.000000
2909,CB,THR,A,190,,C,-25.968,-26.641,31.754,0.000000
2910,CG2,THR,A,190,,C,-26.587,-27.091,33.149,0.000000
2911,OG1,THR,A,190,,O,-24.620,-26.197,31.984,3.522773
2912,H01,THR,A,190,,H,-25.111,-28.400,30.878,0.000000
2913,H02,THR,A,190,,H,-26.583,-25.837,31.351,0.000000
2914,H03,THR,A,190,,H,-27.603,-27.455,32.995,0.000000
2915,H04,THR,A,190,,H,-25.978,-27.887,33.578,0.000000
2916,H05,THR,A,190,,H,-26.695,-26.725,28.982,0.000000
2917,H06,THR,A,190,,H,-26.606,-26.240,33.830,0.000000
2918,H07,THR,A,190,,H,-24.294,-26.574,32.805,1.415811
2919,N,GLN,A,191,,N,-27.177,-29.720,31.461,0.000000
2920,CA,GLN,A,191,,C,-28.357,-30.474,31.787,0.000000
2921,C,GLN,A,191,,C,-28.211,-30.996,33.183,0.000000
2922,O,GLN,A,191,,O,-27.147,-31.479,33.566,0.000000
2923,CB,GLN,A,191,,C,-28.534,-31.583,30.793,0.000000
2924,CG,GLN,A,191,,C,-29.014,-31.064,29.448,0.000000
2925,CD,GLN,A,191,,C,-29.246,-32.191,28.492,4.209273
2926,NE2,GLN,A,191,,N,-28.166,-32.750,27.969,11.766647
2927,OE1,GLN,A,191,,O,-30.379,-32.604,28.272,17.613863
2928,H01,GLN,A,191,,H,-29.247,-29.847,31.740,0.000000
2929,H02,GLN,A,191,,H,-29.288,-32.268,31.180,0.000000
2930,H03,GLN,A,191,,H,-27.579,-32.090,30.656,0.000000
2931,H04,GLN,A,191,,H,-28.247,-30.409,29.034,0.000000
2932,H05,GLN,A,191,,H,-29.946,-30.517,29.588,0.000000
2933,H06,GLN,A,191,,H,-28.258,-33.533,27.337,24.068789
2934,H07,GLN,A,191,,H,-27.250,-32.394,28.202,1.415811
2935,H08,GLN,A,191,,H,-26.269,-30.066,31.736,0.000000
2936,N,GLU,A,192,,N,-29.264,-30.855,33.970,0.000000
2937,CA,GLU,A,192,,C,-29.238,-31.329,35.334,0.000000
2938,C,GLU,A,192,,C,-30.557,-31.941,35.662,0.000000
2939,O,GLU,A,192,,O,-31.571,-31.734,34.974,0.000000
2940,CB,GLU,A,192,,C,-28.973,-30.186,36.304,0.000000
2941,CG,GLU,A,192,,C,-27.593,-29.522,36.164,0.000000
2942,CD,GLU,A,192,,C,-27.483,-28.205,36.923,0.000000
2943,OE1,GLU,A,192,,O,-28.493,-27.493,37.011,0.000000
2944,OE2,GLU,A,192,,O,-26.387,-27.871,37.419,0.000000
2945,H01,GLU,A,192,,H,-28.438,-32.063,35.430,0.000000
2946,H02,GLU,A,192,,H,-29.001,-30.622,37.303,0.000000
2947,H03,GLU,A,192,,H,-29.734,-29.422,36.144,0.000000
2948,H04,GLU,A,192,,H,-27.445,-29.301,35.107,0.000000
2949,H05,GLU,A,192,,H,-26.837,-30.208,36.547,0.000000
2950,H08,GLU,A,192,,H,-30.097,-30.410,33.613,0.000000
2951,N,ILE,A,193,,N,-30.539,-32.743,36.705,0.000000
2952,CA,ILE,A,193,,C,-31.766,-33.108,37.374,0.000000
2953,C,ILE,A,193,,C,-31.757,-32.281,38.652,0.000000
2954,O,ILE,A,193,,O,-30.720,-32.153,39.306,1.761386
2955,CB,ILE,A,193,,C,-31.821,-34.638,37.615,0.000000
2956,CG1,ILE,A,193,,C,-32.166,-35.349,36.293,0.000000
2957,CG2,ILE,A,193,,C,-32.859,-35.008,38.651,4.209273
2958,CD1,ILE,A,193,,C,-33.586,-35.184,35.869,2.104637
2959,H01,ILE,A,193,,H,-32.663,-32.899,36.792,0.000000
2960,H02,ILE,A,193,,H,-30.844,-34.952,37.982,0.000000
2961,H03,ILE,A,193,,H,-32.008,-36.415,36.458,14.158111
2962,H04,ILE,A,193,,H,-31.524,-34.947,35.509,0.000000
2963,H05,ILE,A,193,,H,-33.787,-35.286,38.151,2.831622
2964,H06,ILE,A,193,,H,-29.659,-33.107,37.041,0.000000
2965,H07,ILE,A,193,,H,-32.499,-35.850,39.242,15.573922
2966,H08,ILE,A,193,,H,-33.040,-34.155,39.305,0.000000
2967,H09,ILE,A,193,,H,-34.173,-34.806,36.706,0.000000
2968,H10,ILE,A,193,,H,-33.639,-34.477,35.041,0.000000
2969,H11,ILE,A,193,,H,-33.985,-36.147,35.551,24.068789
2970,N,ARG,A,194,,N,-32.865,-31.644,38.985,0.000000
2971,CA,ARG,A,194,,C,-32.895,-30.901,40.261,0.000000
2972,C,ARG,A,194,,C,-34.013,-31.440,41.118,0.000000
2973,O,ARG,A,194,,O,-35.126,-31.698,40.623,0.000000
2974,CB,ARG,A,194,,C,-33.027,-29.387,40.045,0.000000
2975,CG,ARG,A,194,,C,-31.884,-28.768,39.230,0.000000
2976,CD,ARG,A,194,,C,-32.122,-27.296,39.122,0.000000
2977,NE,ARG,A,194,,N,-31.240,-26.614,38.191,0.000000
2978,CZ,ARG,A,194,,C,-31.054,-25.294,38.138,0.000000
2979,NH1,ARG,A,194,,N,-31.666,-24.490,38.978,1.961108
2980,NH2,ARG,A,194,,N,-30.235,-24.770,37.235,0.000000
2981,H01,ARG,A,194,,H,-31.945,-31.049,40.775,0.000000
2982,H02,ARG,A,194,,H,-32.995,-28.925,41.032,0.000000
2983,H03,ARG,A,194,,H,-33.964,-29.196,39.522,0.000000
2984,H04,ARG,A,194,,H,-31.849,-29.215,38.236,0.000000
2985,H05,ARG,A,194,,H,-30.933,-28.952,39.730,0.000000
2986,H06,ARG,A,194,,H,-31.921,-26.875,40.107,0.000000
2987,H07,ARG,A,194,,H,-33.150,-27.139,38.796,0.000000
2988,H08,ARG,A,194,,H,-30.728,-27.183,37.533,0.000000
2989,H09,ARG,A,194,,H,-31.511,-23.493,38.926,11.326489
2990,H10,ARG,A,194,,H,-32.291,-24.869,39.675,0.000000
2991,H11,ARG,A,194,,H,-29.752,-25.371,36.582,0.000000
2992,H12,ARG,A,194,,H,-33.674,-31.665,38.380,0.000000
2993,H13,ARG,A,194,,H,-30.094,-23.770,37.200,5.663244
2994,N,ALA,A,195,,N,-33.695,-31.667,42.390,0.000000
2995,CA,ALA,A,195,,C,-34.638,-32.279,43.334,0.000000
2996,C,ALA,A,195,,C,-34.702,-31.458,44.627,2.104637
2997,O,ALA,A,195,,O,-33.653,-31.010,45.176,0.000000
2998,CB,ALA,A,195,,C,-34.240,-33.722,43.647,10.523183
2999,H01,ALA,A,195,,H,-35.624,-32.289,42.870,0.000000
3000,H02,ALA,A,195,,H,-33.306,-33.727,44.209,5.663244
3001,H03,ALA,A,195,,H,-35.023,-34.195,44.240,4.247433
3002,H04,ALA,A,195,,H,-34.105,-34.273,42.716,4.247433
3003,H14,ALA,A,195,,H,-32.775,-31.410,42.717,0.000000
3004,N,TYR,A,196,,N,-35.924,-31.244,45.102,0.000000
3005,CA,TYR,A,196,,C,-36.132,-30.419,46.289,0.000000
3006,C,TYR,A,196,,C,-37.170,-31.082,47.115,0.000000
3007,O,TYR,A,196,,O,-38.125,-31.663,46.580,0.000000
3008,CB,TYR,A,196,,C,-36.706,-29.024,45.957,0.000000
3009,CG,TYR,A,196,,C,-36.090,-28.283,44.809,0.000000
3010,CD1,TYR,A,196,,C,-36.401,-28.626,43.496,0.000000
3011,CD2,TYR,A,196,,C,-35.277,-27.167,45.034,0.000000
3012,CE1,TYR,A,196,,C,-35.854,-27.918,42.420,0.000000
3013,CE2,TYR,A,196,,C,-34.744,-26.438,43.969,2.104637
3014,CZ,TYR,A,196,,C,-35.024,-26.817,42.662,0.000000
3015,OH,TYR,A,196,,O,-34.481,-26.106,41.608,0.000000
3016,H01,TYR,A,196,,H,-35.165,-30.306,46.779,1.415811
3017,H02,TYR,A,196,,H,-36.485,-28.415,46.834,0.000000
3018,H03,TYR,A,196,,H,-37.766,-29.149,45.736,0.000000
3019,H04,TYR,A,196,,H,-37.080,-29.457,43.304,0.000000
3020,H05,TYR,A,196,,H,-36.719,-31.657,44.636,0.000000
3021,H06,TYR,A,196,,H,-35.056,-26.862,46.057,1.415811
3022,H07,TYR,A,196,,H,-36.073,-28.223,41.397,0.000000
3023,H08,TYR,A,196,,H,-34.109,-25.573,44.163,8.494867
3024,H09,TYR,A,196,,H,-34.453,-25.173,41.832,9.910678
3025,N,LEU,A,197,,N,-37.022,-30.890,48.411,0.000000
3026,CA,LEU,A,197,,C,-38.022,-31.299,49.372,0.000000
3027,C,LEU,A,197,,C,-38.435,-30.053,50.215,0.000000
3028,O,LEU,A,197,,O,-37.903,-29.830,51.313,0.000000
3029,CB,LEU,A,197,,C,-37.423,-32.414,50.218,2.104637
3030,CG,LEU,A,197,,C,-38.274,-33.218,51.198,0.000000
3031,CD1,LEU,A,197,,C,-38.912,-34.371,50.519,2.104637
3032,CD2,LEU,A,197,,C,-37.417,-33.701,52.402,8.418547
3033,H01,LEU,A,197,,H,-38.925,-31.683,48.897,0.000000
3034,H02,LEU,A,197,,H,-36.754,-31.869,50.883,0.000000
3035,H03,LEU,A,197,,H,-36.994,-33.133,49.520,5.663244
3036,H04,LEU,A,197,,H,-39.061,-32.566,51.576,0.000000
3037,H05,LEU,A,197,,H,-39.842,-34.047,50.051,0.000000
3038,H06,LEU,A,197,,H,-38.239,-34.762,49.756,4.247433
3039,H07,LEU,A,197,,H,-39.126,-35.151,51.250,11.326489
3040,H08,LEU,A,197,,H,-36.520,-33.087,52.478,1.415811
3041,H09,LEU,A,197,,H,-37.997,-33.611,53.321,7.079055
3042,H10,LEU,A,197,,H,-36.181,-30.442,48.744,0.000000
3043,H11,LEU,A,197,,H,-37.132,-34.742,52.251,18.405544
3044,N,PRO,A,198,,N,-39.332,-29.212,49.660,0.000000
3045,CA,PRO,A,198,,C,-39.879,-28.057,50.357,0.000000
3046,C,PRO,A,198,,C,-40.647,-28.430,51.618,0.000000
3047,O,PRO,A,198,,O,-41.743,-28.970,51.509,0.000000
3048,CB,PRO,A,198,,C,-40.818,-27.393,49.328,4.209273
3049,CG,PRO,A,198,,C,-40.693,-28.073,48.073,2.104637
3050,CD,PRO,A,198,,C,-39.764,-29.279,48.255,0.000000
3051,H01,PRO,A,198,,H,-40.547,-26.344,49.206,12.742300
3052,H02,PRO,A,198,,H,-41.848,-27.457,49.678,8.494867
3053,H03,PRO,A,198,,H,-40.279,-27.397,47.325,2.831622
3054,H04,PRO,A,198,,H,-41.674,-28.412,47.740,0.000000
3055,H05,PRO,A,198,,H,-40.262,-30.220,48.022,0.000000
3056,H06,PRO,A,198,,H,-38.907,-29.209,47.585,0.000000
3057,H12,PRO,A,198,,H,-39.081,-27.399,50.701,0.000000
3058,N,LEU,A,199,,N,-40.045,-28.185,52.789,0.000000
3059,CA,LEU,A,199,,C,-40.712,-28.321,54.091,0.000000
3060,C,LEU,A,199,,C,-41.291,-26.960,54.459,0.000000
3061,O,LEU,A,199,,O,-40.636,-25.915,54.299,0.000000
3062,CB,LEU,A,199,,C,-39.748,-28.740,55.201,0.000000
3063,CG,LEU,A,199,,C,-38.963,-30.046,55.012,0.000000
3064,CD1,LEU,A,199,,C,-37.882,-30.226,56.102,8.418547
3065,CD2,LEU,A,199,,C,-39.899,-31.254,54.967,0.000000
3066,H01,LEU,A,199,,H,-41.477,-29.093,54.003,0.000000
3067,H02,LEU,A,199,,H,-40.388,-28.927,56.064,0.000000
3068,H03,LEU,A,199,,H,-39.021,-27.937,55.321,0.000000
3069,H04,LEU,A,199,,H,-38.453,-29.979,54.051,0.000000
3070,H05,LEU,A,199,,H,-37.030,-29.584,55.878,2.831622
3071,H06,LEU,A,199,,H,-38.296,-29.954,57.073,8.494867
3072,H07,LEU,A,199,,H,-39.079,-27.890,52.776,0.000000
3073,H08,LEU,A,199,,H,-37.556,-31.266,56.123,15.573922
3074,H09,LEU,A,199,,H,-40.824,-30.978,54.460,0.000000
3075,H10,LEU,A,199,,H,-39.417,-32.068,54.425,1.415811
3076,H11,LEU,A,199,,H,-40.125,-31.578,55.983,9.910678
3077,N,THR,A,200,,N,-42.506,-26.998,54.990,0.000000
3078,CA,THR,A,200,,C,-43.368,-25.848,55.112,0.000000
3079,C,THR,A,200,,C,-44.015,-25.906,56.505,0.000000
3080,O,THR,A,200,,O,-45.122,-26.380,56.635,1.761386
3081,CB,THR,A,200,,C,-44.432,-25.915,53.974,0.000000
3082,CG2,THR,A,200,,C,-45.805,-26.108,54.501,2.104637
3083,OG1,THR,A,200,,O,-44.414,-24.716,53.193,15.852477
3084,H01,THR,A,200,,H,-42.826,-24.907,55.014,0.000000
3085,H02,THR,A,200,,H,-44.168,-26.774,53.357,4.247433
3086,H03,THR,A,200,,H,-46.500,-26.225,53.669,9.910678
3087,H04,THR,A,200,,H,-45.833,-27.001,55.125,0.000000
3088,H05,THR,A,200,,H,-46.092,-25.240,55.094,9.910678
3089,H06,THR,A,200,,H,-45.238,-24.239,53.319,19.821355
3090,H12,THR,A,200,,H,-42.848,-27.886,55.329,0.000000
3091,N,LEU,A,201,,N,-43.317,-25.414,57.529,0.000000
3092,CA,LEU,A,201,,C,-43.666,-25.619,58.946,0.000000
3093,C,LEU,A,201,,C,-44.201,-24.348,59.621,2.104637
3094,O,LEU,A,201,,O,-43.524,-23.727,60.453,7.045545
3095,CB,LEU,A,201,,C,-42.417,-26.084,59.701,0.000000
3096,CG,LEU,A,201,,C,-41.992,-27.543,59.495,0.000000
3097,CD1,LEU,A,201,,C,-40.470,-27.719,59.662,10.523183
3098,CD2,LEU,A,201,,C,-42.786,-28.470,60.453,8.418547
3099,H01,LEU,A,201,,H,-44.459,-26.366,58.979,2.831622
3100,H02,LEU,A,201,,H,-42.675,-26.007,60.757,7.079055
3101,H03,LEU,A,201,,H,-41.587,-25.450,59.390,0.000000
3102,H04,LEU,A,201,,H,-42.229,-27.829,58.470,0.000000
3103,H05,LEU,A,201,,H,-39.988,-26.741,59.648,5.663244
3104,H06,LEU,A,201,,H,-40.263,-28.212,60.612,19.821355
3105,H07,LEU,A,201,,H,-42.495,-24.865,57.320,0.000000
3106,H08,LEU,A,201,,H,-40.082,-28.326,58.844,1.415811
3107,H09,LEU,A,201,,H,-43.769,-28.674,60.028,4.247433
3108,H10,LEU,A,201,,H,-42.245,-29.407,60.583,14.158111
3109,H11,LEU,A,201,,H,-42.903,-27.980,61.420,18.405544
3110,N,GLY,A,202,,N,-45.424,-23.965,59.274,1.961108
3111,CA,GLY,A,202,,C,-46.006,-22.735,59.788,4.209273
3112,C,GLY,A,202,,C,-45.357,-21.537,59.127,0.000000
3113,O,GLY,A,202,,O,-45.735,-21.173,58.023,24.659408
3114,H01,GLY,A,202,,H,-45.838,-22.683,60.864,11.326489
3115,H02,GLY,A,202,,H,-47.076,-22.727,59.580,21.237166
3116,H12,GLY,A,202,,H,-45.961,-24.539,58.640,9.910678
3117,N,ASN,A,203,,N,-44.390,-20.910,59.793,0.000000
3118,CA,ASN,A,203,,C,-43.772,-19.683,59.254,0.000000
3119,C,ASN,A,203,,C,-42.367,-19.939,58.758,0.000000
3120,O,ASN,A,203,,O,-41.849,-19.250,57.881,3.522773
3121,CB,ASN,A,203,,C,-43.764,-18.582,60.303,0.000000
3122,CG,ASN,A,203,,C,-45.151,-18.218,60.762,2.104637
3123,ND2,ASN,A,203,,N,-46.131,-18.292,59.858,7.844431
3124,OD1,ASN,A,203,,O,-45.347,-17.917,61.932,31.704953
3125,H01,ASN,A,203,,H,-44.374,-19.360,58.405,1.415811
3126,H02,ASN,A,203,,H,-43.320,-17.695,59.851,0.000000
3127,H03,ASN,A,203,,H,-44.075,-21.279,60.679,2.831622
3128,H04,ASN,A,203,,H,-43.187,-18.921,61.163,0.000000
3129,H05,ASN,A,203,,H,-47.081,-18.075,60.124,24.068789
3130,H06,ASN,A,203,,H,-45.922,-18.565,58.908,5.663244
3131,N,HIS,A,204,,N,-41.771,-20.972,59.323,0.000000
3132,CA,HIS,A,204,,C,-40.537,-21.504,58.821,0.000000
3133,C,HIS,A,204,,C,-40.769,-22.194,57.469,0.000000
3134,O,HIS,A,204,,O,-41.902,-22.524,57.105,0.000000
3135,CB,HIS,A,204,,C,-39.959,-22.475,59.815,0.000000
3136,CG,HIS,A,204,,C,-39.829,-21.925,61.200,2.104637
3137,CD2,HIS,A,204,,C,-38.752,-21.790,62.007,8.418547
3138,ND1,HIS,A,204,,N,-40.910,-21.506,61.938,5.883323
3139,CE1,HIS,A,204,,C,-40.503,-21.109,63.128,8.418547
3140,NE2,HIS,A,204,,N,-39.198,-21.283,63.201,5.883323
3141,H01,HIS,A,204,,H,-39.830,-20.688,58.674,0.000000
3142,H02,HIS,A,204,,H,-38.951,-22.711,59.474,1.415811
3143,H03,HIS,A,204,,H,-40.605,-23.352,59.853,1.415811
3144,H04,HIS,A,204,,H,-37.721,-22.038,61.755,5.663244
3145,H05,HIS,A,204,,H,-41.138,-20.706,63.917,21.237166
3146,H06,HIS,A,204,,H,-38.621,-21.077,64.004,25.484600
3147,H07,HIS,A,204,,H,-42.196,-21.401,60.133,0.000000
3148,N,SER,A,205,,N,-39.682,-22.332,56.717,0.000000
3149,CA,SER,A,205,,C,-39.660,-22.971,55.410,0.000000
3150,C,SER,A,205,,C,-38.261,-23.426,55.186,0.000000
3151,O,SER,A,205,,O,-37.348,-22.610,55.102,0.000000
3152,CB,SER,A,205,,C,-39.998,-22.013,54.300,4.209273
3153,OG,SER,A,205,,O,-41.393,-21.940,54.155,22.898022
3154,H01,SER,A,205,,H,-40.393,-23.777,55.399,0.000000
3155,H02,SER,A,205,,H,-39.553,-22.364,53.369,4.247433
3156,H03,SER,A,205,,H,-39.604,-21.025,54.539,1.415811
3157,H04,SER,A,205,,H,-41.757,-22.827,54.105,1.415811
3158,H07,SER,A,205,,H,-38.811,-21.968,57.077,0.000000
3159,N,VAL,A,206,,N,-38.073,-24.733,55.109,0.000000
3160,CA,VAL,A,206,,C,-36.779,-25.237,54.737,0.000000
3161,C,VAL,A,206,,C,-36.890,-26.157,53.512,0.000000
3162,O,VAL,A,206,,O,-37.900,-26.847,53.303,0.000000
3163,CB,VAL,A,206,,C,-36.109,-25.877,55.920,0.000000
3164,CG1,VAL,A,206,,C,-36.564,-25.149,57.211,4.209273
3165,CG2,VAL,A,206,,C,-36.441,-27.276,55.974,2.104637
3166,H01,VAL,A,206,,H,-36.135,-24.412,54.433,0.000000
3167,H02,VAL,A,206,,H,-35.026,-25.791,55.827,0.000000
3168,H03,VAL,A,206,,H,-37.588,-25.437,57.448,0.000000
3169,H04,VAL,A,206,,H,-35.909,-25.428,58.036,16.989733
3170,H05,VAL,A,206,,H,-38.831,-25.370,55.309,0.000000
3171,H06,VAL,A,206,,H,-36.516,-24.071,57.057,0.000000
3172,H07,VAL,A,206,,H,-37.395,-27.442,55.474,0.000000
3173,H08,VAL,A,206,,H,-35.664,-27.854,55.474,1.415811
3174,H09,VAL,A,206,,H,-36.517,-27.592,57.014,8.494867
3175,N,THR,A,207,,N,-35.872,-26.078,52.657,0.000000
3176,CA,THR,A,207,,C,-35.830,-26.864,51.422,0.000000
3177,C,THR,A,207,,C,-34.453,-27.360,51.215,0.000000
3178,O,THR,A,207,,O,-33.596,-26.574,50.867,0.000000
3179,CB,THR,A,207,,C,-36.117,-26.074,50.169,0.000000
3180,CG2,THR,A,207,,C,-36.158,-26.988,49.070,0.000000
3181,OG1,THR,A,207,,O,-37.387,-25.437,50.245,1.761386
3182,H01,THR,A,207,,H,-36.588,-27.635,51.557,0.000000
3183,H02,THR,A,207,,H,-35.343,-25.317,50.047,1.415811
3184,H03,THR,A,207,,H,-36.305,-26.434,48.143,2.831622
3185,H04,THR,A,207,,H,-35.219,-27.538,49.019,0.000000
3186,H05,THR,A,207,,H,-36.982,-27.687,49.209,0.000000
3187,H06,THR,A,207,,H,-37.666,-25.173,49.365,11.326489
3188,H10,THR,A,207,,H,-35.104,-25.456,52.867,0.000000
3189,N,PRO,A,208,,N,-34.229,-28.673,51.405,0.000000
3190,CA,PRO,A,208,,C,-32.966,-29.166,50.922,0.000000
3191,C,PRO,A,208,,C,-33.133,-29.447,49.473,0.000000
3192,O,PRO,A,208,,O,-34.252,-29.608,48.976,1.761386
3193,CB,PRO,A,208,,C,-32.765,-30.434,51.715,2.104637
3194,CG,PRO,A,208,,C,-33.915,-30.477,52.688,2.104637
3195,CD,PRO,A,208,,C,-34.989,-29.776,51.998,0.000000
3196,H01,PRO,A,208,,H,-31.801,-30.448,52.223,15.573922
3197,H02,PRO,A,208,,H,-32.786,-31.304,51.058,12.742300
3198,H03,PRO,A,208,,H,-33.668,-30.024,53.648,5.663244
3199,H04,PRO,A,208,,H,-34.201,-31.506,52.906,11.326489
3200,H05,PRO,A,208,,H,-35.552,-30.382,51.287,0.000000
3201,H06,PRO,A,208,,H,-35.751,-29.418,52.691,0.000000
3202,H07,PRO,A,208,,H,-32.120,-28.488,51.035,0.000000
3203,N,TYR,A,209,,N,-32.039,-29.458,48.759,1.961108
3204,CA,TYR,A,209,,C,-32.152,-29.596,47.339,2.104637
3205,C,TYR,A,209,,C,-30.827,-29.965,46.772,0.000000
3206,O,TYR,A,209,,O,-29.780,-29.923,47.471,1.761386
3207,CB,TYR,A,209,,C,-32.658,-28.295,46.717,0.000000
3208,CG,TYR,A,209,,C,-31.709,-27.113,46.701,0.000000
3209,CD1,TYR,A,209,,C,-31.588,-26.287,47.803,2.104637
3210,CD2,TYR,A,209,,C,-30.968,-26.800,45.540,0.000000
3211,CE1,TYR,A,209,,C,-30.728,-25.185,47.789,2.104637
3212,CE2,TYR,A,209,,C,-30.099,-25.718,45.517,2.104637
3213,CZ,TYR,A,209,,C,-29.990,-24.895,46.644,2.104637
3214,OH,TYR,A,209,,O,-29.153,-23.792,46.622,0.000000
3215,H01,TYR,A,209,,H,-32.870,-30.383,47.109,1.415811
3216,H02,TYR,A,209,,H,-33.481,-27.982,47.359,0.000000
3217,H03,TYR,A,209,,H,-32.930,-28.510,45.684,0.000000
3218,H04,TYR,A,209,,H,-32.173,-26.499,48.698,0.000000
3219,H05,TYR,A,209,,H,-31.080,-27.417,44.649,0.000000
3220,H06,TYR,A,209,,H,-30.635,-24.554,48.673,0.000000
3221,H07,TYR,A,209,,H,-31.134,-29.371,49.199,2.831622
3222,H08,TYR,A,209,,H,-29.505,-25.510,44.627,0.000000
3223,H09,TYR,A,209,,H,-28.961,-23.517,47.522,0.000000
3224,N,THR,A,210,,N,-30.859,-30.329,45.498,0.000000
3225,CA,THR,A,210,,C,-29.647,-30.715,44.881,0.000000
3226,C,THR,A,210,,C,-29.724,-30.628,43.397,0.000000
3227,O,THR,A,210,,O,-30.799,-30.713,42.820,0.000000
3228,CB,THR,A,210,,C,-29.229,-32.149,45.323,0.000000
3229,CG2,THR,A,210,,C,-30.180,-33.254,44.763,2.104637
3230,OG1,THR,A,210,,O,-27.875,-32.383,44.913,3.522773
3231,H01,THR,A,210,,H,-28.882,-30.012,45.211,0.000000
3232,H02,THR,A,210,,H,-29.307,-32.207,46.409,5.663244
3233,H03,THR,A,210,,H,-31.089,-32.790,44.379,0.000000
3234,H04,THR,A,210,,H,-29.679,-33.792,43.958,0.000000
3235,H05,THR,A,210,,H,-30.438,-33.951,45.561,19.821355
3236,H06,THR,A,210,,H,-27.611,-31.710,44.281,0.000000
3237,H10,THR,A,210,,H,-31.727,-30.331,44.981,0.000000
3238,N,ARG,A,211,,N,-28.554,-30.445,42.790,0.000000
3239,CA,ARG,A,211,,C,-28.418,-30.411,41.358,0.000000
3240,C,ARG,A,211,,C,-27.407,-31.499,40.950,0.000000
3241,O,ARG,A,211,,O,-26.268,-31.517,41.430,1.761386
3242,CB,ARG,A,211,,C,-27.966,-29.026,40.928,0.000000
3243,CG,ARG,A,211,,C,-28.870,-27.895,41.424,0.000000
3244,CD,ARG,A,211,,C,-28.371,-26.557,40.904,0.000000
3245,NE,ARG,A,211,,N,-29.281,-25.444,41.114,0.000000
3246,CZ,ARG,A,211,,C,-28.942,-24.161,40.980,0.000000
3247,NH1,ARG,A,211,,N,-27.701,-23.807,40.658,0.000000
3248,NH2,ARG,A,211,,N,-29.845,-23.215,41.193,5.883323
3249,H01,ARG,A,211,,H,-29.368,-30.612,40.863,0.000000
3250,H02,ARG,A,211,,H,-28.004,-29.006,39.839,0.000000
3251,H03,ARG,A,211,,H,-26.961,-28.857,41.315,0.000000
3252,H04,ARG,A,211,,H,-28.855,-27.880,42.514,0.000000
3253,H05,ARG,A,211,,H,-29.887,-28.064,41.069,0.000000
3254,H06,ARG,A,211,,H,-28.266,-26.667,39.825,0.000000
3255,H07,ARG,A,211,,H,-27.727,-30.325,43.358,0.000000
3256,H08,ARG,A,211,,H,-27.431,-26.327,41.406,0.000000
3257,H09,ARG,A,211,,H,-30.232,-25.656,41.379,0.000000
3258,H10,ARG,A,211,,H,-27.461,-22.830,40.570,11.326489
3259,H11,ARG,A,211,,H,-26.998,-24.515,40.501,0.000000
3260,H12,ARG,A,211,,H,-30.790,-23.467,41.447,8.494867
3261,H13,ARG,A,211,,H,-29.589,-22.242,41.101,18.405544
3262,N,ILE,A,212,,N,-27.846,-32.428,40.106,0.000000
3263,CA,ILE,A,212,,C,-26.993,-33.469,39.586,0.000000
3264,C,ILE,A,212,,C,-26.841,-33.162,38.111,0.000000
3265,O,ILE,A,212,,O,-27.837,-33.085,37.395,0.000000
3266,CB,ILE,A,212,,C,-27.652,-34.879,39.819,0.000000
3267,CG1,ILE,A,212,,C,-27.622,-35.225,41.290,0.000000
3268,CG2,ILE,A,212,,C,-26.974,-36.019,39.052,10.523183
3269,CD1,ILE,A,212,,C,-28.721,-36.144,41.675,14.732457
3270,H01,ILE,A,212,,H,-26.023,-33.499,40.082,0.000000
3271,H02,ILE,A,212,,H,-28.671,-34.790,39.443,0.000000
3272,H03,ILE,A,212,,H,-27.749,-34.300,41.852,0.000000
3273,H04,ILE,A,212,,H,-26.669,-35.702,41.519,12.742300
3274,H05,ILE,A,212,,H,-25.986,-36.203,39.474,9.910678
3275,H06,ILE,A,212,,H,-27.578,-36.923,39.135,14.158111
3276,H07,ILE,A,212,,H,-26.875,-35.743,38.002,2.831622
3277,H08,ILE,A,212,,H,-29.600,-35.934,41.066,2.831622
3278,H09,ILE,A,212,,H,-28.406,-37.175,41.514,19.821355
3279,H10,ILE,A,212,,H,-28.966,-35.998,42.727,11.326489
3280,H14,ILE,A,212,,H,-28.814,-32.404,39.818,0.000000
3281,N,GLY,A,213,,N,-25.612,-32.957,37.663,0.000000
3282,CA,GLY,A,213,,C,-25.350,-32.720,36.259,0.000000
3283,C,GLY,A,213,,C,-25.634,-33.979,35.483,0.000000
3284,O,GLY,A,213,,O,-25.222,-35.043,35.893,15.852477
3285,H01,GLY,A,213,,H,-24.307,-32.435,36.124,1.415811
3286,H02,GLY,A,213,,H,-25.992,-31.916,35.898,0.000000
3287,H11,GLY,A,213,,H,-24.841,-32.966,38.315,0.000000
3288,N,LEU,A,214,,N,-26.369,-33.862,34.385,0.000000
3289,CA,LEU,A,214,,C,-26.507,-34.957,33.425,0.000000
3290,C,LEU,A,214,,C,-25.285,-34.934,32.480,0.000000
3291,O,LEU,A,214,,O,-24.382,-35.754,32.606,29.943567
3292,CB,LEU,A,214,,C,-27.835,-34.865,32.644,0.000000
3293,CG,LEU,A,214,,C,-29.129,-35.349,33.360,0.000000
3294,CD1,LEU,A,214,,C,-30.358,-34.477,33.016,0.000000
3295,CD2,LEU,A,214,,C,-29.448,-36.843,33.091,10.523183
3296,H01,LEU,A,214,,H,-26.536,-35.907,33.958,5.663244
3297,H02,LEU,A,214,,H,-27.710,-35.551,31.806,4.247433
3298,H03,LEU,A,214,,H,-26.848,-32.991,34.206,0.000000
3299,H04,LEU,A,214,,H,-27.983,-33.819,32.374,0.000000
3300,H05,LEU,A,214,,H,-28.919,-35.240,34.424,0.000000
3301,H06,LEU,A,214,,H,-31.173,-34.713,33.700,0.000000
3302,H07,LEU,A,214,,H,-30.096,-33.424,33.114,0.000000
3303,H08,LEU,A,214,,H,-30.673,-34.680,31.992,4.247433
3304,H09,LEU,A,214,,H,-30.372,-36.919,32.518,16.989733
3305,H10,LEU,A,214,,H,-28.632,-37.293,32.525,15.573922
3306,H11,LEU,A,214,,H,-29.565,-37.367,34.040,16.989733
3307,N,ASP,A,215,,N,-25.260,-33.985,31.552,0.000000
3308,CA,ASP,A,215,,C,-24.078,-33.719,30.747,0.000000
3309,C,ASP,A,215,,C,-23.870,-32.220,30.725,0.000000
3310,O,ASP,A,215,,O,-24.826,-31.460,30.779,0.000000
3311,CB,ASP,A,215,,C,-24.228,-34.262,29.306,2.104637
3312,CG,ASP,A,215,,C,-22.876,-34.325,28.536,6.313910
3313,OD1,ASP,A,215,,O,-21.793,-34.551,29.153,28.182180
3314,OD2,ASP,A,215,,O,-22.911,-34.152,27.298,31.704953
3315,H01,ASP,A,215,,H,-23.218,-34.227,31.184,4.247433
3316,H02,ASP,A,215,,H,-24.879,-33.575,28.765,0.000000
3317,H03,ASP,A,215,,H,-24.648,-35.267,29.355,16.989733
3318,H12,ASP,A,215,,H,-26.089,-33.429,31.400,0.000000
3319,N,ARG,A,216,,N,-22.606,-31.814,30.657,0.000000
3320,CA,ARG,A,216,,C,-22.222,-30.415,30.577,0.000000
3321,C,ARG,A,216,,C,-20.996,-30.232,29.680,0.000000
3322,O,ARG,A,216,,O,-19.958,-30.886,29.868,24.659408
3323,CB,ARG,A,216,,C,-21.872,-29.884,31.961,0.000000
3324,CG,ARG,A,216,,C,-23.007,-29.865,32.960,0.000000
3325,CD,ARG,A,216,,C,-22.431,-29.651,34.360,0.000000
3326,NE,ARG,A,216,,N,-23.473,-29.524,35.370,0.000000
3327,CZ,ARG,A,216,,C,-23.323,-29.822,36.656,0.000000
3328,NH1,ARG,A,216,,N,-22.168,-30.287,37.136,1.961108
3329,NH2,ARG,A,216,,N,-24.352,-29.655,37.465,0.000000
3330,H01,ARG,A,216,,H,-23.068,-29.869,30.160,0.000000
3331,H02,ARG,A,216,,H,-21.585,-28.842,31.817,7.079055
3332,H03,ARG,A,216,,H,-21.076,-30.507,32.369,9.910678
3333,H04,ARG,A,216,,H,-21.877,-32.513,30.661,4.247433
3334,H05,ARG,A,216,,H,-23.547,-30.811,32.924,1.415811
3335,H06,ARG,A,216,,H,-23.694,-29.054,32.719,0.000000
3336,H07,ARG,A,216,,H,-21.861,-28.722,34.349,2.831622
3337,H08,ARG,A,216,,H,-21.797,-30.501,34.613,5.663244
3338,H09,ARG,A,216,,H,-24.376,-29.184,35.071,0.000000
3339,H10,ARG,A,216,,H,-22.082,-30.508,38.118,0.000000
3340,H11,ARG,A,216,,H,-21.380,-30.418,36.518,4.247433
3341,H12,ARG,A,216,,H,-25.228,-29.305,37.103,0.000000
3342,H13,ARG,A,216,,H,-24.264,-29.877,38.446,0.000000
3343,N,TRP,A,217,,N,-21.122,-29.328,28.716,0.000000
3344,CA,TRP,A,217,,C,-19.962,-28.795,28.016,0.000000
3345,C,TRP,A,217,,C,-20.082,-27.295,27.795,0.000000
3346,O,TRP,A,217,,O,-21.172,-26.736,27.844,1.761386
3347,CB,TRP,A,217,,C,-19.755,-29.515,26.692,6.313910
3348,CG,TRP,A,217,,C,-20.919,-29.459,25.753,2.104637
3349,CD1,TRP,A,217,,C,-21.912,-30.370,25.644,10.523183
3350,CD2,TRP,A,217,,C,-21.179,-28.456,24.760,4.209273
3351,CE2,TRP,A,217,,C,-22.355,-28.837,24.086,6.313910
3352,CE3,TRP,A,217,,C,-20.522,-27.286,24.364,6.313910
3353,NE1,TRP,A,217,,N,-22.781,-30.009,24.651,5.883323
3354,CZ2,TRP,A,217,,C,-22.910,-28.076,23.045,8.418547
3355,CZ3,TRP,A,217,,C,-21.072,-26.532,23.331,4.209273
3356,CH2,TRP,A,217,,C,-22.252,-26.932,22.685,8.418547
3357,H01,TRP,A,217,,H,-19.090,-28.968,28.647,9.910678
3358,H02,TRP,A,217,,H,-19.612,-30.567,26.937,9.910678
3359,H03,TRP,A,217,,H,-18.896,-29.067,26.193,9.910678
3360,H04,TRP,A,217,,H,-22.007,-31.265,26.260,0.000000
3361,H05,TRP,A,217,,H,-19.600,-26.972,24.853,0.000000
3362,H06,TRP,A,217,,H,-23.605,-30.525,24.378,18.405544
3363,H07,TRP,A,217,,H,-23.828,-28.384,22.544,8.494867
3364,H08,TRP,A,217,,H,-20.577,-25.613,23.018,0.000000
3365,H09,TRP,A,217,,H,-22.653,-26.318,21.879,4.247433
3366,H14,TRP,A,217,,H,-22.044,-29.002,28.462,0.000000
3367,N,SER,A,218,,N,-18.931,-26.672,27.555,1.961108
3368,CA,SER,A,218,,C,-18.791,-25.218,27.434,0.000000
3369,C,SER,A,218,,C,-17.870,-24.892,26.249,0.000000
3370,O,SER,A,218,,O,-17.565,-25.769,25.448,10.568318
3371,CB,SER,A,218,,C,-18.190,-24.653,28.734,6.313910
3372,OG,SER,A,218,,O,-18.438,-23.266,28.884,3.522773
3373,H01,SER,A,218,,H,-19.769,-24.767,27.264,0.000000
3374,H02,SER,A,218,,H,-17.110,-24.795,28.691,9.910678
3375,H03,SER,A,218,,H,-18.627,-25.181,29.581,16.989733
3376,H04,SER,A,218,,H,-18.465,-22.850,28.019,0.000000
3377,H10,SER,A,218,,H,-18.101,-27.237,27.449,11.326489
3378,N,ASN,A,219,,N,-17.465,-23.624,26.137,0.000000
3379,CA,ASN,A,219,,C,-16.362,-23.193,25.264,0.000000
3380,C,ASN,A,219,,C,-15.247,-22.447,26.050,4.209273
3381,O,ASN,A,219,,O,-14.287,-22.001,25.430,29.943567
3382,CB,ASN,A,219,,C,-16.885,-22.244,24.153,0.000000
3383,CG,ASN,A,219,,C,-17.532,-22.967,22.944,4.209273
3384,ND2,ASN,A,219,,N,-17.636,-24.293,22.978,9.805539
3385,OD1,ASN,A,219,,O,-17.937,-22.300,21.993,1.761386
3386,H01,ASN,A,219,,H,-15.942,-24.100,24.829,9.910678
3387,H02,ASN,A,219,,H,-16.017,-21.710,23.767,8.494867
3388,H03,ASN,A,219,,H,-17.630,-21.581,24.593,0.000000
3389,H04,ASN,A,219,,H,-18.057,-24.787,22.204,14.158111
3390,H05,ASN,A,219,,H,-17.943,-22.921,26.683,0.000000
3391,H06,ASN,A,219,,H,-17.294,-24.806,23.778,0.000000
3392,N,TRP,A,220,,N,-15.367,-22.306,27.385,1.961108
3393,CA,TRP,A,220,,C,-14.585,-21.280,28.150,0.000000
3394,C,TRP,A,220,,C,-13.839,-21.722,29.452,0.000000
3395,O,TRP,A,220,,O,-12.700,-22.196,29.365,8.806931
3396,CB,TRP,A,220,,C,-15.443,-20.016,28.455,2.104637
3397,CG,TRP,A,220,,C,-16.810,-20.036,27.890,2.104637
3398,CD1,TRP,A,220,,C,-17.136,-20.071,26.575,4.209273
3399,CD2,TRP,A,220,,C,-18.051,-20.014,28.613,2.104637
3400,CE2,TRP,A,220,,C,-19.085,-20.055,27.652,2.104637
3401,CE3,TRP,A,220,,C,-18.391,-19.976,29.971,4.209273
3402,NE1,TRP,A,220,,N,-18.494,-20.096,26.421,0.000000
3403,CZ2,TRP,A,220,,C,-20.429,-20.033,27.993,2.104637
3404,CZ3,TRP,A,220,,C,-19.743,-19.968,30.312,2.104637
3405,CH2,TRP,A,220,,C,-20.741,-20.003,29.319,0.000000
3406,H01,TRP,A,220,,H,-13.778,-21.070,27.448,0.000000
3407,H02,TRP,A,220,,H,-14.930,-19.179,27.981,7.079055
3408,H03,TRP,A,220,,H,-15.525,-19.916,29.537,0.000000
3409,H04,TRP,A,220,,H,-16.417,-20.078,25.756,1.415811
3410,H05,TRP,A,220,,H,-17.620,-19.953,30.741,0.000000
3411,H06,TRP,A,220,,H,-18.983,-20.138,25.538,0.000000
3412,H07,TRP,A,220,,H,-16.003,-22.910,27.886,0.000000
3413,H08,TRP,A,220,,H,-21.206,-20.039,27.229,0.000000
3414,H09,TRP,A,220,,H,-20.032,-19.934,31.363,2.831622
3415,H10,TRP,A,220,,H,-21.789,-20.006,29.619,0.000000
3416,N,ASP,A,221,,N,-14.464,-21.551,30.632,0.000000
3417,CA,ASP,A,221,,C,-13.738,-21.501,31.918,0.000000
3418,C,ASP,A,221,,C,-13.177,-22.860,32.299,0.000000
3419,O,ASP,A,221,,O,-13.856,-23.663,32.945,10.568318
3420,CB,ASP,A,221,,C,-14.630,-20.966,33.052,2.104637
3421,CG,ASP,A,221,,C,-13.847,-20.651,34.332,6.313910
3422,OD1,ASP,A,221,,O,-14.119,-19.612,34.955,10.568318
3423,OD2,ASP,A,221,,O,-12.957,-21.424,34.725,24.659408
3424,H01,ASP,A,221,,H,-12.905,-20.812,31.779,0.000000
3425,H02,ASP,A,221,,H,-15.351,-21.746,33.295,12.742300
3426,H03,ASP,A,221,,H,-15.119,-20.054,32.710,1.415811
3427,H11,ASP,A,221,,H,-15.469,-21.453,30.639,1.415811
3428,N,TRP,A,222,,N,-11.930,-23.100,31.893,0.000000
3429,CA,TRP,A,222,,C,-11.227,-24.345,32.205,0.000000
3430,C,TRP,A,222,,C,-9.702,-24.143,32.138,0.000000
3431,O,TRP,A,222,,O,-8.993,-24.432,33.109,15.852477
3432,CB,TRP,A,222,,C,-11.680,-25.462,31.258,4.209273
3433,CG,TRP,A,222,,C,-11.868,-26.776,31.942,4.209273
3434,CD1,TRP,A,222,,C,-13.002,-27.223,32.555,6.313910
3435,CD2,TRP,A,222,,C,-10.892,-27.818,32.088,2.104637
3436,CE2,TRP,A,222,,C,-11.510,-28.871,32.797,2.104637
3437,CE3,TRP,A,222,,C,-9.554,-27.963,31.691,8.418547
3438,NE1,TRP,A,222,,N,-12.798,-28.483,33.066,3.922216
3439,CZ2,TRP,A,222,,C,-10.838,-30.058,33.113,6.313910
3440,CZ3,TRP,A,222,,C,-8.887,-29.143,32.008,12.627820
3441,CH2,TRP,A,222,,C,-9.531,-30.171,32.714,6.313910
3442,H01,TRP,A,222,,H,-11.477,-24.640,33.224,7.079055
3443,H02,TRP,A,222,,H,-10.893,-25.594,30.516,7.079055
3444,H03,TRP,A,222,,H,-12.627,-25.169,30.804,7.079055
3445,H04,TRP,A,222,,H,-11.452,-22.396,31.349,0.000000
3446,H05,TRP,A,222,,H,-13.934,-26.663,32.629,9.910678
3447,H06,TRP,A,222,,H,-9.047,-27.167,31.145,0.000000
3448,H07,TRP,A,222,,H,-13.486,-29.034,33.560,7.079055
3449,H08,TRP,A,222,,H,-11.335,-30.862,33.656,4.247433
3450,H09,TRP,A,222,,H,-7.848,-29.271,31.703,21.237166
3451,H10,TRP,A,222,,H,-8.979,-31.081,32.951,11.326489
3452,N,GLN,A,223,,N,-9.214,-23.656,30.992,0.000000
3453,CA,GLN,A,223,,C,-7.819,-23.206,30.854,0.000000
3454,C,GLN,A,223,,C,-7.684,-22.136,29.753,2.104637
3455,O,GLN,A,223,,O,-7.532,-22.493,28.580,35.227726
3456,CB,GLN,A,223,,C,-6.875,-24.390,30.545,2.104637
3457,CG,GLN,A,223,,C,-6.343,-25.174,31.763,0.000000
3458,CD,GLN,A,223,,C,-5.398,-24.367,32.657,6.313910
3459,NE2,GLN,A,223,,N,-4.413,-25.050,33.226,25.494401
3460,OE1,GLN,A,223,,O,-5.556,-23.158,32.842,15.852477
3461,H01,GLN,A,223,,H,-7.529,-22.767,31.809,0.000000
3462,H02,GLN,A,223,,H,-5.996,-23.947,30.077,12.742300
3463,H03,GLN,A,223,,H,-7.416,-25.090,29.909,8.494867
3464,H04,GLN,A,223,,H,-5.768,-26.013,31.372,9.910678
3465,H05,GLN,A,223,,H,-7.194,-25.495,32.364,4.247433
3466,H06,GLN,A,223,,H,-3.756,-24.579,33.832,28.316222
3467,H07,GLN,A,223,,H,-4.320,-26.041,33.053,21.237166
3468,H11,GLN,A,223,,H,-9.826,-23.595,30.191,2.831622
3469,N,ASP,A,224,,N,-7.752,-20.837,30.086,0.000000
3470,CA,ASP,A,224,,C,-8.102,-20.285,31.421,0.000000
3471,C,ASP,A,224,,C,-8.871,-18.961,31.237,0.000000
3472,O,ASP,A,224,,O,-8.262,-17.908,31.006,19.375249
3473,CB,ASP,A,224,,C,-6.835,-20.034,32.267,6.313910
3474,CG,ASP,A,224,,C,-7.121,-19.268,33.572,8.418547
3475,OD1,ASP,A,224,,O,-7.960,-19.730,34.374,28.182180
3476,OD2,ASP,A,224,,O,-6.488,-18.210,33.798,36.989112
3477,H01,ASP,A,224,,H,-8.724,-21.010,31.945,0.000000
3478,H02,ASP,A,224,,H,-6.163,-19.418,31.670,11.326489
3479,H03,ASP,A,224,,H,-6.390,-20.996,32.519,0.000000
3480,H08,ASP,A,224,,H,-7.545,-20.169,29.357,12.742300
3481,N,ASP,A,225,,N,-10.199,-19.018,31.334,0.000000
3482,CA,ASP,A,225,,C,-11.048,-17.846,31.084,0.000000
3483,C,ASP,A,225,,C,-11.795,-17.403,32.345,4.209273
3484,O,ASP,A,225,,O,-12.064,-18.219,33.235,5.284159
3485,CB,ASP,A,225,,C,-12.047,-18.142,29.956,0.000000
3486,CG,ASP,A,225,,C,-11.362,-18.553,28.659,2.104637
3487,OD1,ASP,A,225,,O,-10.557,-17.757,28.125,35.227726
3488,OD2,ASP,A,225,,O,-11.628,-19.673,28.172,10.568318
3489,H01,ASP,A,225,,H,-10.394,-17.028,30.782,5.663244
3490,H02,ASP,A,225,,H,-12.603,-17.225,29.759,8.494867
3491,H03,ASP,A,225,,H,-12.705,-18.950,30.275,0.000000
3492,H04,ASP,A,225,,H,-10.635,-19.893,31.587,0.000000
3493,N,ILE,A,226,,N,-12.131,-16.109,32.398,1.961108
3494,CA,ILE,A,226,,C,-12.854,-15.513,33.536,0.000000
3495,C,ILE,A,226,,C,-14.326,-16.001,33.558,0.000000
3496,O,ILE,A,226,,O,-14.752,-16.745,32.672,5.284159
3497,CB,ILE,A,226,,C,-12.720,-13.933,33.551,0.000000
3498,CG1,ILE,A,226,,C,-12.375,-13.417,34.965,4.209273
3499,CG2,ILE,A,226,,C,-13.973,-13.242,32.955,8.418547
3500,CD1,ILE,A,226,,C,-11.652,-12.056,34.994,6.313910
3501,H01,ILE,A,226,,H,-12.391,-15.856,34.461,7.079055
3502,H02,ILE,A,226,,H,-11.887,-13.664,32.902,4.247433
3503,H03,ILE,A,226,,H,-11.685,-14.142,35.398,14.158111
3504,H04,ILE,A,226,,H,-11.878,-15.513,31.623,7.079055
3505,H05,ILE,A,226,,H,-13.303,-13.321,35.528,8.494867
3506,H06,ILE,A,226,,H,-14.767,-13.224,33.702,5.663244
3507,H07,ILE,A,226,,H,-13.723,-12.221,32.667,2.831622
3508,H08,ILE,A,226,,H,-14.311,-13.795,32.079,12.742300
3509,H09,ILE,A,226,,H,-10.697,-12.142,34.476,15.573922
3510,H10,ILE,A,226,,H,-12.268,-11.306,34.497,0.000000
3511,H11,ILE,A,226,,H,-11.479,-11.758,36.028,21.237166
3512,N,GLU,A,227,,N,-15.088,-15.572,34.563,0.000000
3513,CA,GLU,A,227,,C,-16.335,-16.237,34.958,0.000000
3514,C,GLU,A,227,,C,-17.615,-15.388,34.874,0.000000
3515,O,GLU,A,227,,O,-17.768,-14.424,35.638,10.568318
3516,CB,GLU,A,227,,C,-16.173,-16.709,36.409,0.000000
3517,CG,GLU,A,227,,C,-17.432,-17.288,37.068,0.000000
3518,CD,GLU,A,227,,C,-17.353,-17.310,38.593,4.209273
3519,OE1,GLU,A,227,,O,-17.938,-18.227,39.216,3.522773
3520,OE2,GLU,A,227,,O,-16.711,-16.411,39.177,14.091090
3521,H01,GLU,A,227,,H,-16.478,-17.044,34.239,1.415811
3522,H02,GLU,A,227,,H,-15.922,-15.817,36.984,2.831622
3523,H03,GLU,A,227,,H,-15.401,-17.479,36.427,5.663244
3524,H04,GLU,A,227,,H,-17.529,-18.321,36.733,2.831622
3525,H05,GLU,A,227,,H,-18.289,-16.682,36.773,0.000000
3526,H12,GLU,A,227,,H,-14.794,-14.753,35.076,0.000000
3527,N,ARG,A,228,,N,-18.520,-15.757,33.954,1.961108
3528,CA,ARG,A,228,,C,-19.973,-15.518,34.134,0.000000
3529,C,ARG,A,228,,C,-20.915,-16.130,33.072,0.000000
3530,O,ARG,A,228,,O,-20.479,-16.514,31.987,5.284159
3531,CB,ARG,A,228,,C,-20.311,-14.028,34.356,2.104637
3532,CG,ARG,A,228,,C,-21.364,-13.802,35.454,0.000000
3533,CD,ARG,A,228,,C,-21.079,-14.639,36.708,0.000000
3534,NE,ARG,A,228,,N,-22.202,-14.703,37.653,0.000000
3535,CZ,ARG,A,228,,C,-22.653,-15.820,38.231,0.000000
3536,NH1,ARG,A,228,,N,-23.671,-15.757,39.086,9.805539
3537,NH2,ARG,A,228,,N,-22.104,-17.002,37.968,1.961108
3538,H01,ARG,A,228,,H,-20.180,-16.078,35.046,0.000000
3539,H02,ARG,A,228,,H,-20.730,-13.649,33.424,0.000000
3540,H03,ARG,A,228,,H,-19.398,-13.503,34.638,2.831622
3541,H04,ARG,A,228,,H,-22.332,-14.109,35.059,0.000000
3542,H05,ARG,A,228,,H,-21.366,-12.747,35.728,0.000000
3543,H06,ARG,A,228,,H,-18.201,-16.213,33.111,2.831622
3544,H07,ARG,A,228,,H,-20.255,-14.152,37.231,0.000000
3545,H08,ARG,A,228,,H,-20.836,-15.654,36.395,0.000000
3546,H09,ARG,A,228,,H,-22.668,-13.837,37.883,1.415811
3547,H10,ARG,A,228,,H,-24.015,-16.599,39.525,11.326489
3548,H11,ARG,A,228,,H,-24.100,-14.867,39.296,2.831622
3549,H12,ARG,A,228,,H,-21.331,-17.067,37.321,0.000000
3550,H13,ARG,A,228,,H,-22.460,-17.835,38.415,2.831622
3551,N,GLU,A,229,,N,-22.207,-16.181,33.432,0.000000
3552,CA,GLU,A,229,,C,-23.283,-16.919,32.737,0.000000
3553,C,GLU,A,229,,C,-22.812,-17.685,31.506,0.000000
3554,O,GLU,A,229,,O,-22.551,-17.086,30.456,1.761386
3555,CB,GLU,A,229,,C,-24.454,-15.999,32.363,0.000000
3556,CG,GLU,A,229,,C,-24.984,-15.114,33.492,0.000000
3557,CD,GLU,A,229,,C,-26.356,-14.502,33.200,2.104637
3558,OE1,GLU,A,229,,O,-26.977,-14.853,32.173,5.284159
3559,OE2,GLU,A,229,,O,-26.818,-13.662,34.008,7.045545
3560,H01,GLU,A,229,,H,-23.624,-17.660,33.460,1.415811
3561,H02,GLU,A,229,,H,-25.277,-16.659,32.090,0.000000
3562,H03,GLU,A,229,,H,-24.125,-15.349,31.552,0.000000
3563,H04,GLU,A,229,,H,-24.283,-14.287,33.604,0.000000
3564,H05,GLU,A,229,,H,-25.061,-15.718,34.396,8.494867
3565,H14,GLU,A,229,,H,-22.470,-15.664,34.259,0.000000
3566,N,GLY,A,230,,N,-22.724,-19.007,31.601,0.000000
3567,CA,GLY,A,230,,C,-23.246,-19.800,32.706,0.000000
3568,C,GLY,A,230,,C,-22.789,-21.211,32.414,0.000000
3569,O,GLY,A,230,,O,-22.976,-21.648,31.276,0.000000
3570,H01,GLY,A,230,,H,-24.330,-19.727,32.790,1.415811
3571,H02,GLY,A,230,,H,-22.840,-19.452,33.656,0.000000
3572,H06,GLY,A,230,,H,-22.260,-19.499,30.851,0.000000
3573,N,HIS,A,231,,N,-22.189,-21.960,33.351,0.000000
3574,CA,HIS,A,231,,C,-21.957,-21.664,34.794,0.000000
3575,C,HIS,A,231,,C,-22.969,-22.413,35.653,0.000000
3576,O,HIS,A,231,,O,-23.966,-21.857,36.114,15.852477
3577,CB,HIS,A,231,,C,-21.922,-20.177,35.184,0.000000
3578,CG,HIS,A,231,,C,-21.326,-19.934,36.534,0.000000
3579,CD2,HIS,A,231,,C,-20.214,-19.258,36.907,2.104637
3580,ND1,HIS,A,231,,N,-21.877,-20.436,37.695,5.883323
3581,CE1,HIS,A,231,,C,-21.132,-20.076,38.725,2.104637
3582,NE2,HIS,A,231,,N,-20.120,-19.354,38.275,0.000000
3583,H01,HIS,A,231,,H,-20.943,-22.016,34.985,7.079055
3584,H02,HIS,A,231,,H,-22.954,-19.828,35.219,1.415811
3585,H03,HIS,A,231,,H,-21.844,-22.854,33.033,11.326489
3586,H04,HIS,A,231,,H,-21.332,-19.638,34.443,0.000000
3587,H05,HIS,A,231,,H,-19.523,-18.735,36.246,1.415811
3588,H06,HIS,A,231,,H,-21.320,-20.331,39.768,1.415811
3589,H07,HIS,A,231,,H,-19.395,-18.940,38.844,0.000000
3590,N,ASP,A,232,,N,-22.681,-23.686,35.869,0.000000
3591,CA,ASP,A,232,,C,-23.587,-24.584,36.558,0.000000
3592,C,ASP,A,232,,C,-22.799,-25.702,37.198,0.000000
3593,O,ASP,A,232,,O,-21.962,-26.320,36.543,3.522773
3594,CB,ASP,A,232,,C,-24.595,-25.160,35.568,0.000000
3595,CG,ASP,A,232,,C,-25.856,-24.339,35.498,0.000000
3596,OD1,ASP,A,232,,O,-26.704,-24.510,36.405,1.761386
3597,OD2,ASP,A,232,,O,-25.984,-23.520,34.554,1.761386
3598,H01,ASP,A,232,,H,-24.124,-24.034,37.331,1.415811
3599,H02,ASP,A,232,,H,-24.865,-26.159,35.909,0.000000
3600,H03,ASP,A,232,,H,-24.139,-25.189,34.578,0.000000
3601,H08,ASP,A,232,,H,-21.796,-24.046,35.541,4.247433
3602,N,PHE,A,233,,N,-23.073,-25.962,38.471,0.000000
3603,CA,PHE,A,233,,C,-22.330,-26.959,39.219,0.000000
3604,C,PHE,A,233,,C,-23.225,-27.897,40.008,0.000000
3605,O,PHE,A,233,,O,-24.324,-27.520,40.442,0.000000
3606,CB,PHE,A,233,,C,-21.351,-26.268,40.163,0.000000
3607,CG,PHE,A,233,,C,-20.329,-25.427,39.452,0.000000
3608,CD1,PHE,A,233,,C,-20.257,-24.049,39.672,0.000000
3609,CD2,PHE,A,233,,C,-19.444,-26.011,38.538,0.000000
3610,CE1,PHE,A,233,,C,-19.302,-23.266,39.007,0.000000
3611,CE2,PHE,A,233,,C,-18.491,-25.240,37.866,2.104637
3612,CZ,PHE,A,233,,C,-18.417,-23.860,38.104,0.000000
3613,H01,PHE,A,233,,H,-21.793,-27.568,38.492,0.000000
3614,H02,PHE,A,233,,H,-20.810,-27.051,40.694,0.000000
3615,H03,PHE,A,233,,H,-21.916,-25.627,40.840,0.000000
3616,H04,PHE,A,233,,H,-23.816,-25.454,38.929,0.000000
3617,H05,PHE,A,233,,H,-20.951,-23.577,40.368,0.000000
3618,H06,PHE,A,233,,H,-19.499,-27.083,38.347,0.000000
3619,H07,PHE,A,233,,H,-19.250,-22.194,39.195,0.000000
3620,H08,PHE,A,233,,H,-17.807,-25.710,37.159,4.247433
3621,H09,PHE,A,233,,H,-17.673,-23.254,37.587,15.573922
3622,N,ASN,A,234,,N,-22.740,-29.129,40.170,0.000000
3623,CA,ASN,A,234,,C,-23.321,-30.082,41.101,0.000000
3624,C,ASN,A,234,,C,-23.368,-29.475,42.493,0.000000
3625,O,ASN,A,234,,O,-22.334,-29.083,43.014,0.000000
3626,CB,ASN,A,234,,C,-22.453,-31.332,41.188,0.000000
3627,CG,ASN,A,234,,C,-22.765,-32.309,40.157,0.000000
3628,ND2,ASN,A,234,,N,-22.086,-33.422,40.203,9.805539
3629,OD1,ASN,A,234,,O,-23.622,-32.095,39.323,0.000000
3630,H01,ASN,A,234,,H,-24.321,-30.333,40.746,0.000000
3631,H02,ASN,A,234,,H,-22.649,-31.800,42.153,0.000000
3632,H03,ASN,A,234,,H,-21.408,-31.039,41.086,0.000000
3633,H04,ASN,A,234,,H,-22.258,-34.147,39.521,18.405544
3634,H05,ASN,A,234,,H,-21.388,-33.559,40.921,0.000000
3635,H10,ASN,A,234,,H,-21.938,-29.411,39.625,0.000000
3636,N,ARG,A,235,,N,-24.541,-29.423,43.104,0.000000
3637,CA,ARG,A,235,,C,-24.632,-28.875,44.445,0.000000
3638,C,ARG,A,235,,C,-25.679,-29.504,45.347,0.000000
3639,O,ARG,A,235,,O,-26.680,-30.091,44.917,0.000000
3640,CB,ARG,A,235,,C,-24.864,-27.356,44.402,0.000000
3641,CG,ARG,A,235,,C,-26.076,-26.949,43.580,0.000000
3642,CD,ARG,A,235,,C,-26.610,-25.589,43.983,0.000000
3643,NE,ARG,A,235,,N,-25.816,-24.482,43.440,0.000000
3644,CZ,ARG,A,235,,C,-26.065,-23.185,43.654,0.000000
3645,NH1,ARG,A,235,,N,-25.259,-22.274,43.116,5.883323
3646,NH2,ARG,A,235,,N,-27.103,-22.796,44.411,0.000000
3647,H01,ARG,A,235,,H,-23.667,-29.119,44.889,0.000000
3648,H02,ARG,A,235,,H,-23.990,-26.913,43.924,0.000000
3649,H03,ARG,A,235,,H,-25.003,-26.999,45.422,0.000000
3650,H04,ARG,A,235,,H,-26.862,-27.683,43.757,0.000000
3651,H05,ARG,A,235,,H,-25.793,-26.918,42.528,0.000000
3652,H06,ARG,A,235,,H,-25.370,-29.764,42.639,0.000000
3653,H07,ARG,A,235,,H,-26.559,-25.526,45.070,0.000000
3654,H08,ARG,A,235,,H,-27.634,-25.495,43.620,0.000000
3655,H09,ARG,A,235,,H,-25.022,-24.716,42.861,0.000000
3656,H10,ARG,A,235,,H,-25.432,-21.291,43.273,8.494867
3657,H11,ARG,A,235,,H,-24.474,-22.565,42.550,4.247433
3658,H12,ARG,A,235,,H,-27.713,-23.486,44.825,0.000000
3659,H13,ARG,A,235,,H,-27.274,-21.813,44.567,4.247433
3660,N,VAL,A,236,,N,-25.398,-29.381,46.628,0.000000
3661,CA,VAL,A,236,,C,-26.349,-29.694,47.635,0.000000
3662,C,VAL,A,236,,C,-26.549,-28.356,48.263,0.000000
3663,O,VAL,A,236,,O,-25.599,-27.623,48.428,0.000000
3664,CB,VAL,A,236,,C,-25.777,-30.674,48.672,0.000000
3665,CG1,VAL,A,236,,C,-25.638,-32.083,48.087,8.418547
3666,CG2,VAL,A,236,,C,-24.424,-30.186,49.197,4.209273
3667,H01,VAL,A,236,,H,-27.251,-30.171,47.251,0.000000
3668,H02,VAL,A,236,,H,-26.480,-30.717,49.504,16.989733
3669,H03,VAL,A,236,,H,-24.634,-32.460,48.284,8.494867
3670,H04,VAL,A,236,,H,-26.371,-32.743,48.551,19.821355
3671,H05,VAL,A,236,,H,-25.808,-32.049,47.011,0.000000
3672,H06,VAL,A,236,,H,-23.711,-30.138,48.374,0.000000
3673,H07,VAL,A,236,,H,-24.540,-29.195,49.635,4.247433
3674,H08,VAL,A,236,,H,-24.057,-30.878,49.955,19.821355
3675,H14,VAL,A,236,,H,-24.482,-29.055,46.901,0.000000
3676,N,GLY,A,237,,N,-27.774,-28.008,48.598,0.000000
3677,CA,GLY,A,237,,C,-28.002,-26.811,49.380,2.104637
3678,C,GLY,A,237,,C,-29.273,-26.842,50.193,0.000000
3679,O,GLY,A,237,,O,-30.138,-27.695,50.007,1.761386
3680,H01,GLY,A,237,,H,-28.100,-25.987,48.673,0.000000
3681,H02,GLY,A,237,,H,-27.161,-26.681,50.062,2.831622
3682,H09,GLY,A,237,,H,-28.556,-28.577,48.309,0.000000
3683,N,LEU,A,238,,N,-29.371,-25.885,51.094,0.000000
3684,CA,LEU,A,238,,C,-30.479,-25.769,51.982,0.000000
3685,C,LEU,A,238,,C,-30.903,-24.308,52.013,0.000000
3686,O,LEU,A,238,,O,-30.063,-23.405,52.151,1.761386
3687,CB,LEU,A,238,,C,-30.057,-26.217,53.383,2.104637
3688,CG,LEU,A,238,,C,-31.240,-26.335,54.343,0.000000
3689,CD1,LEU,A,238,,C,-32.328,-27.231,53.670,0.000000
3690,CD2,LEU,A,238,,C,-30.815,-26.871,55.725,16.837094
3691,H01,LEU,A,238,,H,-31.307,-26.395,51.648,0.000000
3692,H02,LEU,A,238,,H,-29.382,-25.460,53.782,4.247433
3693,H03,LEU,A,238,,H,-28.628,-25.204,51.158,0.000000
3694,H04,LEU,A,238,,H,-29.569,-27.189,53.307,11.326489
3695,H05,LEU,A,238,,H,-31.654,-25.345,54.534,1.415811
3696,H06,LEU,A,238,,H,-33.198,-26.622,53.423,0.000000
3697,H07,LEU,A,238,,H,-31.924,-27.672,52.759,0.000000
3698,H08,LEU,A,238,,H,-32.623,-28.023,54.358,1.415811
3699,H09,LEU,A,238,,H,-29.955,-26.305,56.085,22.652977
3700,H10,LEU,A,238,,H,-31.641,-26.762,56.428,14.158111
3701,H11,LEU,A,238,,H,-30.547,-27.924,55.640,15.573922
3702,N,PHE,A,239,,N,-32.212,-24.089,51.912,0.000000
3703,CA,PHE,A,239,,C,-32.790,-22.760,51.944,0.000000
3704,C,PHE,A,239,,C,-33.714,-22.618,53.137,0.000000
3705,O,PHE,A,239,,O,-34.554,-23.453,53.330,0.000000
3706,CB,PHE,A,239,,C,-33.584,-22.505,50.673,4.209273
3707,CG,PHE,A,239,,C,-34.580,-21.410,50.828,2.104637
3708,CD1,PHE,A,239,,C,-34.194,-20.083,50.697,6.313910
3709,CD2,PHE,A,239,,C,-35.898,-21.692,51.154,6.313910
3710,CE1,PHE,A,239,,C,-35.114,-19.062,50.868,4.209273
3711,CE2,PHE,A,239,,C,-36.812,-20.670,51.334,4.209273
3712,CZ,PHE,A,239,,C,-36.424,-19.358,51.182,12.627820
3713,H01,PHE,A,239,,H,-31.979,-22.035,52.023,0.000000
3714,H02,PHE,A,239,,H,-34.132,-23.418,50.439,1.415811
3715,H03,PHE,A,239,,H,-32.891,-22.237,49.876,1.415811
3716,H04,PHE,A,239,,H,-33.158,-19.843,50.458,0.000000
3717,H05,PHE,A,239,,H,-36.216,-22.728,51.269,0.000000
3718,H06,PHE,A,239,,H,-34.803,-18.024,50.754,7.079055
3719,H07,PHE,A,239,,H,-37.843,-20.904,51.597,7.079055
3720,H08,PHE,A,239,,H,-37.150,-18.555,51.309,15.573922
3721,H12,PHE,A,239,,H,-32.829,-24.882,51.809,0.000000
3722,N,TYR,A,240,,N,-33.557,-21.545,53.917,0.000000
3723,CA,TYR,A,240,,C,-34.421,-21.225,55.053,0.000000
3724,C,TYR,A,240,,C,-35.207,-19.975,54.726,0.000000
3725,O,TYR,A,240,,O,-34.759,-19.154,53.940,0.000000
3726,CB,TYR,A,240,,C,-33.596,-21.014,56.294,0.000000
3727,CG,TYR,A,240,,C,-34.398,-20.689,57.547,2.104637
3728,CD1,TYR,A,240,,C,-34.517,-19.379,57.997,2.104637
3729,CD2,TYR,A,240,,C,-34.995,-21.691,58.306,4.209273
3730,CE1,TYR,A,240,,C,-35.224,-19.068,59.158,6.313910
3731,CE2,TYR,A,240,,C,-35.713,-21.393,59.472,8.418547
3732,CZ,TYR,A,240,,C,-35.818,-20.071,59.891,6.313910
3733,OH,TYR,A,240,,O,-36.513,-19.727,61.033,7.045545
3734,H01,TYR,A,240,,H,-35.106,-22.052,55.239,0.000000
3735,H02,TYR,A,240,,H,-32.967,-20.146,56.099,0.000000
3736,H03,TYR,A,240,,H,-33.026,-21.924,56.482,11.326489
3737,H04,TYR,A,240,,H,-34.047,-18.576,57.429,0.000000
3738,H05,TYR,A,240,,H,-34.902,-22.729,57.987,5.663244
3739,H06,TYR,A,240,,H,-35.306,-18.032,59.485,7.079055
3740,H07,TYR,A,240,,H,-36.185,-22.191,60.046,5.663244
3741,H08,TYR,A,240,,H,-36.587,-18.771,61.087,9.910678
3742,H09,TYR,A,240,,H,-32.795,-20.916,53.710,0.000000
3743,N,GLY,A,241,,N,-36.395,-19.848,55.305,0.000000
3744,CA,GLY,A,241,,C,-37.306,-18.728,55.023,0.000000
3745,C,GLY,A,241,,C,-38.286,-18.537,56.173,4.209273
3746,O,GLY,A,241,,O,-38.784,-19.507,56.709,0.000000
3747,H01,GLY,A,241,,H,-37.867,-18.949,54.115,2.831622
3748,H02,GLY,A,241,,H,-36.724,-17.816,54.891,0.000000
3749,H09,GLY,A,241,,H,-36.686,-20.552,55.969,0.000000
3750,N,TYR,A,242,,N,-38.547,-17.291,56.562,0.000000
3751,CA,TYR,A,242,,C,-39.412,-16.979,57.723,0.000000
3752,C,TYR,A,242,,C,-40.322,-15.819,57.415,2.104637
3753,O,TYR,A,242,,O,-39.870,-14.781,56.964,0.000000
3754,CB,TYR,A,242,,C,-38.573,-16.638,58.950,0.000000
3755,CG,TYR,A,242,,C,-39.340,-16.641,60.241,4.209273
3756,CD1,TYR,A,242,,C,-39.898,-15.468,60.748,0.000000
3757,CD2,TYR,A,242,,C,-39.503,-17.820,60.973,0.000000
3758,CE1,TYR,A,242,,C,-40.601,-15.463,61.953,2.104637
3759,CE2,TYR,A,242,,C,-40.209,-17.831,62.189,6.313910
3760,CZ,TYR,A,242,,C,-40.751,-16.650,62.674,4.209273
3761,OH,TYR,A,242,,O,-41.443,-16.662,63.859,19.375249
3762,H01,TYR,A,242,,H,-40.012,-17.865,57.931,0.000000
3763,H02,TYR,A,242,,H,-38.207,-15.621,58.806,0.000000
3764,H03,TYR,A,242,,H,-38.138,-16.527,56.044,0.000000
3765,H04,TYR,A,242,,H,-37.768,-17.369,59.028,0.000000
3766,H05,TYR,A,242,,H,-39.783,-14.537,60.192,0.000000
3767,H06,TYR,A,242,,H,-39.075,-18.748,60.594,0.000000
3768,H07,TYR,A,242,,H,-41.032,-14.536,62.331,0.000000
3769,H08,TYR,A,242,,H,-40.329,-18.760,62.746,0.000000
3770,H09,TYR,A,242,,H,-41.516,-15.766,64.197,19.821355
3771,N,ASP,A,243,,N,-41.613,-16.009,57.645,0.000000
3772,CA,ASP,A,243,,C,-42.606,-14.986,57.360,0.000000
3773,C,ASP,A,243,,C,-43.303,-14.585,58.666,0.000000
3774,O,ASP,A,243,,O,-43.976,-15.400,59.314,0.000000
3775,CB,ASP,A,243,,C,-43.604,-15.486,56.333,0.000000
3776,CG,ASP,A,243,,C,-44.677,-14.473,56.025,4.209273
3777,OD1,ASP,A,243,,O,-44.964,-13.617,56.900,0.000000
3778,OD2,ASP,A,243,,O,-45.271,-14.540,54.914,29.943567
3779,H01,ASP,A,243,,H,-42.117,-14.108,56.938,0.000000
3780,H02,ASP,A,243,,H,-44.092,-16.367,56.750,2.831622
3781,H03,ASP,A,243,,H,-43.070,-15.721,55.412,9.910678
3782,H10,ASP,A,243,,H,-41.917,-16.892,58.030,0.000000
3783,N,PHE,A,244,,N,-43.149,-13.311,59.019,0.000000
3784,CA,PHE,A,244,,C,-43.728,-12.731,60.227,0.000000
3785,C,PHE,A,244,,C,-45.216,-12.428,60.038,0.000000
3786,O,PHE,A,244,,O,-45.970,-12.482,60.981,21.136635
3787,CB,PHE,A,244,,C,-42.961,-11.470,60.607,0.000000
3788,CG,PHE,A,244,,C,-41.464,-11.682,60.761,0.000000
3789,CD1,PHE,A,244,,C,-40.896,-11.903,62.007,2.104637
3790,CD2,PHE,A,244,,C,-40.624,-11.675,59.656,0.000000
3791,CE1,PHE,A,244,,C,-39.508,-12.115,62.151,8.418547
3792,CE2,PHE,A,244,,C,-39.243,-11.891,59.792,0.000000
3793,CZ,PHE,A,244,,C,-38.687,-12.094,61.045,2.104637
3794,H01,PHE,A,244,,H,-43.644,-13.456,61.037,5.663244
3795,H02,PHE,A,244,,H,-43.337,-11.153,61.580,4.247433
3796,H03,PHE,A,244,,H,-43.124,-10.722,59.832,0.000000
3797,H04,PHE,A,244,,H,-42.601,-12.712,58.418,0.000000
3798,H05,PHE,A,244,,H,-41.533,-11.913,62.891,11.326489
3799,H06,PHE,A,244,,H,-41.044,-11.499,58.666,0.000000
3800,H07,PHE,A,244,,H,-39.085,-12.296,63.139,24.068789
3801,H08,PHE,A,244,,H,-38.606,-11.899,58.908,0.000000
3802,H09,PHE,A,244,,H,-37.612,-12.236,61.154,16.989733
3803,N,GLN,A,245,,N,-45.629,-12.160,58.803,0.000000
3804,CA,GLN,A,245,,C,-47.010,-11.749,58.441,0.000000
3805,C,GLN,A,245,,C,-47.294,-10.272,58.703,4.209273
3806,O,GLN,A,245,,O,-48.379,-9.772,58.397,10.568318
3807,CB,GLN,A,245,,C,-48.123,-12.650,59.020,2.104637
3808,CG,GLN,A,245,,C,-49.520,-12.524,58.290,4.209273
3809,CD,GLN,A,245,,C,-49.455,-12.113,56.785,4.209273
3810,NE2,GLN,A,245,,N,-50.031,-10.944,56.472,13.727755
3811,OE1,GLN,A,245,,O,-48.909,-12.838,55.934,26.420794
3812,H01,GLN,A,245,,H,-47.041,-11.896,57.361,1.415811
3813,H02,GLN,A,245,,H,-48.282,-12.322,60.047,8.494867
3814,H03,GLN,A,245,,H,-47.794,-13.687,58.948,9.910678
3815,H04,GLN,A,245,,H,-50.052,-11.720,58.798,12.742300
3816,H05,GLN,A,245,,H,-50.022,-13.489,58.354,19.821355
3817,H06,GLN,A,245,,H,-50.028,-10.620,55.515,24.068789
3818,H07,GLN,A,245,,H,-50.468,-10.387,57.193,16.989733
3819,H10,GLN,A,245,,H,-44.954,-12.242,58.056,0.000000
3820,N,ASN,A,246,,N,-46.298,-9.599,59.276,1.961108
3821,CA,ASN,A,246,,C,-45.974,-8.213,58.954,0.000000
3822,C,ASN,A,246,,C,-46.212,-7.883,57.480,0.000000
3823,O,ASN,A,246,,O,-46.747,-6.835,57.145,22.898022
3824,CB,ASN,A,246,,C,-44.467,-7.987,59.199,0.000000
3825,CG,ASN,A,246,,C,-44.129,-7.687,60.634,0.000000
3826,ND2,ASN,A,246,,N,-43.173,-8.410,61.175,1.961108
3827,OD1,ASN,A,246,,O,-44.684,-6.773,61.235,44.034657
3828,H01,ASN,A,246,,H,-46.612,-7.587,59.577,12.742300
3829,H02,ASN,A,246,,H,-44.175,-7.116,58.613,0.000000
3830,H03,ASN,A,246,,H,-43.930,-8.886,58.898,0.000000
3831,H04,ASN,A,246,,H,-42.888,-8.238,62.128,21.237166
3832,H05,ASN,A,246,,H,-42.724,-9.137,60.637,0.000000
3833,H08,ASN,A,246,,H,-45.737,-10.073,59.970,1.415811
3834,N,GLY,A,247,,N,-45.769,-8.778,56.606,0.000000
3835,CA,GLY,A,247,,C,-45.397,-8.412,55.225,2.104637
3836,C,GLY,A,247,,C,-43.870,-8.496,55.032,0.000000
3837,O,GLY,A,247,,O,-43.384,-8.466,53.922,0.000000
3838,H01,GLY,A,247,,H,-45.718,-7.388,55.035,0.000000
3839,H02,GLY,A,247,,H,-45.884,-9.095,54.529,2.831622
3840,H06,GLY,A,247,,H,-45.683,-9.742,56.895,0.000000
3841,N,LEU,A,248,,N,-43.149,-8.645,56.137,0.000000
3842,CA,LEU,A,248,,C,-41.714,-8.869,56.186,0.000000
3843,C,LEU,A,248,,C,-41.270,-10.365,56.140,0.000000
3844,O,LEU,A,248,,O,-41.462,-11.107,57.107,0.000000
3845,CB,LEU,A,248,,C,-41.218,-8.272,57.511,0.000000
3846,CG,LEU,A,248,,C,-39.727,-8.183,57.744,0.000000
3847,CD1,LEU,A,248,,C,-39.121,-7.130,56.787,2.104637
3848,CD2,LEU,A,248,,C,-39.427,-7.858,59.227,10.523183
3849,H01,LEU,A,248,,H,-41.290,-8.406,55.295,0.000000
3850,H02,LEU,A,248,,H,-41.567,-8.974,58.269,0.000000
3851,H03,LEU,A,248,,H,-43.640,-8.599,57.019,0.000000
3852,H04,LEU,A,248,,H,-41.617,-7.260,57.579,2.831622
3853,H05,LEU,A,248,,H,-39.263,-9.146,57.529,0.000000
3854,H06,LEU,A,248,,H,-38.118,-7.440,56.495,0.000000
3855,H07,LEU,A,248,,H,-39.747,-7.043,55.899,0.000000
3856,H08,LEU,A,248,,H,-39.070,-6.166,57.292,16.989733
3857,H09,LEU,A,248,,H,-38.638,-7.108,59.282,19.821355
3858,H10,LEU,A,248,,H,-40.328,-7.472,59.704,7.079055
3859,H11,LEU,A,248,,H,-39.103,-8.764,59.740,4.247433
3860,N,SER,A,249,,N,-40.626,-10.809,55.064,0.000000
3861,CA,SER,A,249,,C,-39.907,-12.103,55.104,0.000000
3862,C,SER,A,249,,C,-38.408,-11.929,55.019,0.000000
3863,O,SER,A,249,,O,-37.940,-10.956,54.438,0.000000
3864,CB,SER,A,249,,C,-40.357,-13.005,53.979,8.418547
3865,OG,SER,A,249,,O,-41.717,-13.395,54.176,10.568318
3866,H01,SER,A,249,,H,-40.149,-12.558,56.065,0.000000
3867,H02,SER,A,249,,H,-39.729,-13.896,53.964,8.494867
3868,H03,SER,A,249,,H,-40.267,-12.473,53.032,4.247433
3869,H04,SER,A,249,,H,-42.003,-13.127,55.052,0.000000
3870,H12,SER,A,249,,H,-40.627,-10.261,54.216,0.000000
3871,N,VAL,A,250,,N,-37.665,-12.864,55.610,0.000000
3872,CA,VAL,A,250,,C,-36.231,-12.983,55.382,0.000000
3873,C,VAL,A,250,,C,-35.864,-14.404,54.917,0.000000
3874,O,VAL,A,250,,O,-36.721,-15.283,54.929,1.761386
3875,CB,VAL,A,250,,C,-35.487,-12.636,56.637,0.000000
3876,CG1,VAL,A,250,,C,-35.979,-11.281,57.113,0.000000
3877,CG2,VAL,A,250,,C,-35.710,-13.698,57.667,2.104637
3878,H01,VAL,A,250,,H,-35.946,-12.287,54.593,1.415811
3879,H02,VAL,A,250,,H,-34.414,-12.582,56.454,4.247433
3880,H03,VAL,A,250,,H,-36.965,-11.391,57.564,0.000000
3881,H04,VAL,A,250,,H,-35.285,-10.881,57.852,16.989733
3882,H05,VAL,A,250,,H,-38.113,-13.515,56.240,0.000000
3883,H06,VAL,A,250,,H,-36.042,-10.598,56.266,0.000000
3884,H07,VAL,A,250,,H,-36.735,-14.061,57.598,0.000000
3885,H08,VAL,A,250,,H,-35.020,-14.524,57.493,1.415811
3886,H09,VAL,A,250,,H,-35.538,-13.283,58.660,12.742300
3887,N,SER,A,251,,N,-34.610,-14.622,54.501,0.000000
3888,CA,SER,A,251,,C,-34.167,-15.934,54.005,0.000000
3889,C,SER,A,251,,C,-32.670,-16.161,54.139,0.000000
3890,O,SER,A,251,,O,-31.914,-15.233,54.207,0.000000
3891,CB,SER,A,251,,C,-34.507,-16.074,52.551,0.000000
3892,OG,SER,A,251,,O,-33.657,-15.232,51.791,12.329704
3893,H01,SER,A,251,,H,-34.684,-16.669,54.621,0.000000
3894,H02,SER,A,251,,H,-35.546,-15.788,52.389,11.326489
3895,H03,SER,A,251,,H,-34.367,-17.110,52.241,0.000000
3896,H04,SER,A,251,,H,-33.518,-14.407,52.263,0.000000
3897,H10,SER,A,251,,H,-33.947,-13.861,54.529,0.000000
3898,N,LEU,A,252,,N,-32.281,-17.418,54.222,0.000000
3899,CA,LEU,A,252,,C,-30.910,-17.824,54.260,0.000000
3900,C,LEU,A,252,,C,-30.803,-19.032,53.339,0.000000
3901,O,LEU,A,252,,O,-31.699,-19.872,53.291,0.000000
3902,CB,LEU,A,252,,C,-30.478,-18.270,55.650,2.104637
3903,CG,LEU,A,252,,C,-30.317,-17.216,56.747,0.000000
3904,CD1,LEU,A,252,,C,-31.694,-16.643,57.086,4.209273
3905,CD2,LEU,A,252,,C,-29.578,-17.822,58.008,12.627820
3906,H01,LEU,A,252,,H,-30.278,-16.986,53.966,0.000000
3907,H02,LEU,A,252,,H,-29.468,-18.651,55.501,9.910678
3908,H03,LEU,A,252,,H,-31.219,-18.988,56.001,1.415811
3909,H04,LEU,A,252,,H,-29.687,-16.400,56.394,1.415811
3910,H05,LEU,A,252,,H,-32.991,-18.135,54.261,0.000000
3911,H06,LEU,A,252,,H,-32.423,-17.452,57.128,0.000000
3912,H07,LEU,A,252,,H,-31.652,-16.142,58.053,15.573922
3913,H08,LEU,A,252,,H,-31.989,-15.928,56.319,0.000000
3914,H09,LEU,A,252,,H,-28.674,-17.248,58.209,24.068789
3915,H10,LEU,A,252,,H,-30.238,-17.775,58.874,14.158111
3916,H11,LEU,A,252,,H,-29.312,-18.860,57.810,19.821355
3917,N,GLU,A,253,,N,-29.701,-19.113,52.603,0.000000
3918,CA,GLU,A,253,,C,-29.501,-20.216,51.707,0.000000
3919,C,GLU,A,253,,C,-28.037,-20.483,51.758,0.000000
3920,O,GLU,A,253,,O,-27.256,-19.554,51.811,1.761386
3921,CB,GLU,A,253,,C,-29.965,-19.897,50.268,2.104637
3922,CG,GLU,A,253,,C,-29.809,-21.104,49.311,0.000000
3923,CD,GLU,A,253,,C,-30.657,-21.039,48.041,2.104637
3924,OE1,GLU,A,253,,O,-31.694,-20.325,48.025,24.659408
3925,OE2,GLU,A,253,,O,-30.302,-21.738,47.060,12.329704
3926,H01,GLU,A,253,,H,-30.093,-21.082,52.004,0.000000
3927,H02,GLU,A,253,,H,-29.335,-19.092,49.889,0.000000
3928,H03,GLU,A,253,,H,-31.015,-19.606,50.295,1.415811
3929,H04,GLU,A,253,,H,-30.158,-21.976,49.864,0.000000
3930,H05,GLU,A,253,,H,-28.762,-21.168,49.016,0.000000
3931,H12,GLU,A,253,,H,-28.997,-18.392,52.674,0.000000
3932,N,TYR,A,254,,N,-27.672,-21.755,51.769,0.000000
3933,CA,TYR,A,254,,C,-26.303,-22.116,51.620,0.000000
3934,C,TYR,A,254,,C,-26.260,-23.344,50.731,0.000000
3935,O,TYR,A,254,,O,-27.164,-24.169,50.772,0.000000
3936,CB,TYR,A,254,,C,-25.673,-22.347,52.983,6.313910
3937,CG,TYR,A,254,,C,-24.298,-22.929,52.892,2.104637
3938,CD1,TYR,A,254,,C,-24.131,-24.280,52.700,6.313910
3939,CD2,TYR,A,254,,C,-23.171,-22.132,52.967,8.418547
3940,CE1,TYR,A,254,,C,-22.890,-24.838,52.581,6.313910
3941,CE2,TYR,A,254,,C,-21.902,-22.690,52.846,6.313910
3942,CZ,TYR,A,254,,C,-21.778,-24.053,52.671,2.104637
3943,OH,TYR,A,254,,O,-20.549,-24.676,52.579,19.375249
3944,H01,TYR,A,254,,H,-25.721,-21.321,51.153,0.000000
3945,H02,TYR,A,254,,H,-26.298,-23.062,53.518,7.079055
3946,H03,TYR,A,254,,H,-25.615,-21.393,53.507,11.326489
3947,H04,TYR,A,254,,H,-25.010,-24.921,52.641,7.079055
3948,H05,TYR,A,254,,H,-23.277,-21.058,53.122,2.831622
3949,H06,TYR,A,254,,H,-28.370,-22.476,51.884,0.000000
3950,H07,TYR,A,254,,H,-22.788,-25.910,52.414,11.326489
3951,H08,TYR,A,254,,H,-21.016,-22.057,52.889,12.742300
3952,H09,TYR,A,254,,H,-20.270,-24.701,51.661,0.000000
3953,N,ALA,A,255,,N,-25.216,-23.445,49.910,0.000000
3954,CA,ALA,A,255,,C,-25.121,-24.514,48.915,0.000000
3955,C,ALA,A,255,,C,-23.672,-24.822,48.675,0.000000
3956,O,ALA,A,255,,O,-22.884,-23.918,48.579,0.000000
3957,CB,ALA,A,255,,C,-25.774,-24.081,47.617,0.000000
3958,H01,ALA,A,255,,H,-25.635,-25.402,49.283,0.000000
3959,H02,ALA,A,255,,H,-26.671,-23.502,47.838,0.000000
3960,H03,ALA,A,255,,H,-25.077,-23.467,47.046,0.000000
3961,H04,ALA,A,255,,H,-26.045,-24.962,47.035,0.000000
3962,H10,ALA,A,255,,H,-24.471,-22.766,49.976,0.000000
3963,N,PHE,A,256,,N,-23.307,-26.098,48.634,0.000000
3964,CA,PHE,A,256,,C,-21.939,-26.498,48.308,0.000000
3965,C,PHE,A,256,,C,-21.997,-27.091,46.935,0.000000
3966,O,PHE,A,256,,O,-22.921,-27.836,46.610,0.000000
3967,CB,PHE,A,256,,C,-21.411,-27.521,49.301,2.104637
3968,CG,PHE,A,256,,C,-20.067,-28.090,48.936,2.104637
3969,CD1,PHE,A,256,,C,-19.955,-29.340,48.342,6.313910
3970,CD2,PHE,A,256,,C,-18.907,-27.380,49.203,2.104637
3971,CE1,PHE,A,256,,C,-18.720,-29.846,48.011,8.418547
3972,CE2,PHE,A,256,,C,-17.671,-27.899,48.884,4.209273
3973,CZ,PHE,A,256,,C,-17.578,-29.123,48.289,8.418547
3974,H01,PHE,A,256,,H,-21.265,-25.643,48.352,0.000000
3975,H02,PHE,A,256,,H,-22.116,-28.352,49.302,0.000000
3976,H03,PHE,A,256,,H,-21.328,-27.042,50.276,2.831622
3977,H04,PHE,A,256,,H,-20.852,-29.924,48.137,2.831622
3978,H05,PHE,A,256,,H,-23.993,-26.812,48.833,0.000000
3979,H06,PHE,A,256,,H,-18.973,-26.398,49.672,0.000000
3980,H07,PHE,A,256,,H,-18.643,-30.820,47.528,8.494867
3981,H08,PHE,A,256,,H,-16.768,-27.331,49.107,0.000000
3982,H09,PHE,A,256,,H,-16.600,-29.531,48.033,1.415811
3983,N,GLU,A,257,,N,-21.039,-26.724,46.106,0.000000
3984,CA,GLU,A,257,,C,-21.043,-27.171,44.740,0.000000
3985,C,GLU,A,257,,C,-19.686,-27.764,44.455,0.000000
3986,O,GLU,A,257,,O,-18.682,-27.323,45.008,0.000000
3987,CB,GLU,A,257,,C,-21.342,-26.025,43.752,0.000000
3988,CG,GLU,A,257,,C,-21.905,-24.690,44.324,0.000000
3989,CD,GLU,A,257,,C,-22.125,-23.628,43.213,0.000000
3990,OE1,GLU,A,257,,O,-22.755,-23.963,42.166,1.761386
3991,OE2,GLU,A,257,,O,-21.662,-22.469,43.381,0.000000
3992,H01,GLU,A,257,,H,-21.834,-27.909,44.605,0.000000
3993,H02,GLU,A,257,,H,-22.146,-26.411,43.125,0.000000
3994,H03,GLU,A,257,,H,-20.411,-25.790,43.237,0.000000
3995,H04,GLU,A,257,,H,-21.176,-24.292,45.030,0.000000
3996,H05,GLU,A,257,,H,-22.858,-24.890,44.814,0.000000
3997,H10,GLU,A,257,,H,-20.296,-26.124,46.434,0.000000
3998,N,TRP,A,258,,N,-19.650,-28.773,43.598,0.000000
3999,CA,TRP,A,258,,C,-18.369,-29.335,43.167,0.000000
4000,C,TRP,A,258,,C,-18.346,-29.614,41.680,0.000000
4001,O,TRP,A,258,,O,-19.363,-29.545,41.005,0.000000
4002,CB,TRP,A,258,,C,-18.009,-30.605,43.957,2.104637
4003,CG,TRP,A,258,,C,-19.014,-31.701,43.813,4.209273
4004,CD1,TRP,A,258,,C,-18.963,-32.762,42.952,6.313910
4005,CD2,TRP,A,258,,C,-20.244,-31.827,44.533,2.104637
4006,CE2,TRP,A,258,,C,-20.882,-32.993,44.067,2.104637
4007,CE3,TRP,A,258,,C,-20.869,-31.064,45.525,0.000000
4008,NE1,TRP,A,258,,N,-20.083,-33.538,43.095,7.844431
4009,CZ2,TRP,A,258,,C,-22.119,-33.412,44.560,4.209273
4010,CZ3,TRP,A,258,,C,-22.092,-31.491,46.027,4.209273
4011,CH2,TRP,A,258,,C,-22.703,-32.649,45.540,6.313910
4012,H01,TRP,A,258,,H,-17.613,-28.579,43.378,0.000000
4013,H02,TRP,A,258,,H,-17.984,-30.330,45.011,0.000000
4014,H03,TRP,A,258,,H,-17.045,-30.971,43.603,2.831622
4015,H04,TRP,A,258,,H,-18.150,-32.961,42.254,1.415811
4016,H05,TRP,A,258,,H,-20.405,-30.151,45.897,0.000000
4017,H06,TRP,A,258,,H,-20.512,-29.157,43.239,0.000000
4018,H07,TRP,A,258,,H,-20.287,-34.376,42.569,14.158111
4019,H08,TRP,A,258,,H,-22.603,-34.312,44.181,18.405544
4020,H09,TRP,A,258,,H,-22.582,-30.914,46.812,0.000000
4021,H10,TRP,A,258,,H,-23.667,-32.954,45.948,4.247433
4022,N,GLN,A,259,,N,-17.145,-29.878,41.185,0.000000
4023,CA,GLN,A,259,,C,-16.949,-30.397,39.839,0.000000
4024,C,GLN,A,259,,C,-15.911,-31.513,39.942,0.000000
4025,O,GLN,A,259,,O,-14.768,-31.269,40.331,0.000000
4026,CB,GLN,A,259,,C,-16.509,-29.295,38.876,0.000000
4027,CG,GLN,A,259,,C,-16.395,-29.775,37.446,4.209273
4028,CD,GLN,A,259,,C,-16.529,-28.657,36.414,0.000000
4029,NE2,GLN,A,259,,N,-17.599,-28.721,35.623,7.844431
4030,OE1,GLN,A,259,,O,-15.677,-27.759,36.317,7.045545
4031,H01,GLN,A,259,,H,-17.883,-30.786,39.433,0.000000
4032,H02,GLN,A,259,,H,-15.519,-28.963,39.189,0.000000
4033,H03,GLN,A,259,,H,-17.239,-28.486,38.915,0.000000
4034,H04,GLN,A,259,,H,-17.218,-30.468,37.275,5.663244
4035,H05,GLN,A,259,,H,-15.422,-30.249,37.317,0.000000
4036,H06,GLN,A,259,,H,-17.746,-28.017,34.914,16.989733
4037,H07,GLN,A,259,,H,-18.264,-29.474,35.732,4.247433
4038,H11,GLN,A,259,,H,-16.334,-29.713,41.764,0.000000
4039,N,ASP,A,260,,N,-16.333,-32.747,39.670,0.000000
4040,CA,ASP,A,260,,C,-15.400,-33.877,39.641,0.000000
4041,C,ASP,A,260,,C,-14.437,-33.622,38.488,0.000000
4042,O,ASP,A,260,,O,-14.812,-33.037,37.462,10.568318
4043,CB,ASP,A,260,,C,-16.135,-35.227,39.483,2.104637
4044,CG,ASP,A,260,,C,-15.198,-36.384,39.104,6.313910
4045,OD1,ASP,A,260,,O,-14.143,-36.571,39.767,22.898022
4046,OD2,ASP,A,260,,O,-15.530,-37.109,38.138,44.034657
4047,H01,ASP,A,260,,H,-14.860,-33.950,40.585,2.831622
4048,H02,ASP,A,260,,H,-16.853,-35.112,38.671,12.742300
4049,H03,ASP,A,260,,H,-16.622,-35.470,40.427,15.573922
4050,H08,ASP,A,260,,H,-17.312,-32.907,39.481,4.247433
4051,N,HIS,A,261,,N,-13.190,-34.039,38.670,0.000000
4052,CA,HIS,A,261,,C,-12.144,-33.707,37.717,0.000000
4053,C,HIS,A,261,,C,-11.090,-34.798,37.573,0.000000
4054,O,HIS,A,261,,O,-11.118,-35.822,38.267,15.852477
4055,CB,HIS,A,261,,C,-11.491,-32.367,38.109,0.000000
4056,CG,HIS,A,261,,C,-11.902,-31.217,37.241,0.000000
4057,CD2,HIS,A,261,,C,-12.146,-31.152,35.911,2.104637
4058,ND1,HIS,A,261,,N,-12.112,-29.946,37.733,0.000000
4059,CE1,HIS,A,261,,C,-12.465,-29.148,36.739,2.104637
4060,NE2,HIS,A,261,,N,-12.492,-29.856,35.625,0.000000
4061,H01,HIS,A,261,,H,-12.618,-33.617,36.740,2.831622
4062,H02,HIS,A,261,,H,-10.415,-32.490,37.984,0.000000
4063,H03,HIS,A,261,,H,-11.767,-32.137,39.138,0.000000
4064,H04,HIS,A,261,,H,-12.965,-34.595,39.483,0.000000
4065,H05,HIS,A,261,,H,-12.080,-31.976,35.200,5.663244
4066,H06,HIS,A,261,,H,-12.695,-28.086,36.825,4.247433
4067,H07,HIS,A,261,,H,-12.729,-29.501,34.710,0.000000
4068,N,ASP,A,262,,N,-10.176,-34.548,36.635,0.000000
4069,CA,ASP,A,262,,C,-9.091,-35.460,36.284,0.000000
4070,C,ASP,A,262,,C,-7.733,-34.746,36.439,4.209273
4071,O,ASP,A,262,,O,-6.737,-35.148,35.833,21.136635
4072,CB,ASP,A,262,,C,-9.277,-35.956,34.833,2.104637
4073,CG,ASP,A,262,,C,-10.719,-36.415,34.526,6.313910
4074,OD1,ASP,A,262,,O,-11.176,-36.235,33.373,45.796043
4075,OD2,ASP,A,262,,O,-11.392,-36.958,35.430,22.898022
4076,H01,ASP,A,262,,H,-9.110,-36.319,36.955,9.910678
4077,H02,ASP,A,262,,H,-8.628,-36.821,34.702,18.405544
4078,H03,ASP,A,262,,H,-9.019,-35.144,34.153,8.494867
4079,H08,ASP,A,262,,H,-10.238,-33.672,36.136,0.000000
4080,N,GLU,A,263,,N,-7.701,-33.694,37.259,1.961108
4081,CA,GLU,A,263,,C,-6.484,-32.911,37.491,0.000000
4082,C,GLU,A,263,,C,-5.563,-33.701,38.446,4.209273
4083,O,GLU,A,263,,O,-4.926,-34.668,38.031,26.420794
4084,CB,GLU,A,263,,C,-6.848,-31.514,38.041,0.000000
4085,CG,GLU,A,263,,C,-7.987,-30.805,37.279,0.000000
4086,CD,GLU,A,263,,C,-8.055,-29.293,37.525,4.209273
4087,OE1,GLU,A,263,,O,-7.090,-28.703,38.070,38.750498
4088,OE2,GLU,A,263,,O,-9.094,-28.693,37.154,12.329704
4089,H01,GLU,A,263,,H,-5.947,-32.749,36.557,12.742300
4090,H02,GLU,A,263,,H,-5.961,-30.892,37.921,11.326489
4091,H03,GLU,A,263,,H,-7.151,-31.625,39.082,0.000000
4092,H04,GLU,A,263,,H,-8.549,-33.427,37.739,0.000000
4093,H05,GLU,A,263,,H,-8.922,-31.227,37.647,0.000000
4094,H06,GLU,A,263,,H,-7.843,-30.973,36.212,4.247433
4095,N,GLY,A,264,,N,-5.469,-33.267,39.703,1.961108
4096,CA,GLY,A,264,,C,-5.041,-34.122,40.819,8.418547
4097,C,GLY,A,264,,C,-6.233,-34.423,41.721,6.313910
4098,O,GLY,A,264,,O,-6.262,-35.472,42.376,33.466339
4099,H01,GLY,A,264,,H,-4.273,-33.606,41.395,24.068789
4100,H02,GLY,A,264,,H,-4.637,-35.056,40.427,14.158111
4101,H07,GLY,A,264,,H,-5.703,-32.304,39.898,5.663244
4102,N,ASP,A,265,,N,-7.201,-33.490,41.761,0.000000
4103,CA,ASP,A,265,,C,-8.492,-33.690,42.444,0.000000
4104,C,ASP,A,265,,C,-9.670,-32.888,41.810,0.000000
4105,O,ASP,A,265,,O,-10.109,-33.233,40.710,0.000000
4106,CB,ASP,A,265,,C,-8.360,-33.449,43.959,2.104637
4107,CG,ASP,A,265,,C,-9.549,-34.014,44.755,4.209273
4108,OD1,ASP,A,265,,O,-10.713,-33.725,44.391,10.568318
4109,OD2,ASP,A,265,,O,-9.317,-34.744,45.750,44.034657
4110,H01,ASP,A,265,,H,-8.760,-34.736,42.296,9.910678
4111,H02,ASP,A,265,,H,-8.338,-32.371,44.120,12.742300
4112,H03,ASP,A,265,,H,-7.035,-32.607,41.299,4.247433
4113,H04,ASP,A,265,,H,-7.445,-33.927,44.311,9.910678
4114,N,SER,A,266,,N,-10.200,-31.857,42.477,1.961108
4115,CA,SER,A,266,,C,-11.518,-31.306,42.081,0.000000
4116,C,SER,A,266,,C,-11.899,-29.898,42.620,0.000000
4117,O,SER,A,266,,O,-11.632,-29.545,43.775,7.045545
4118,CB,SER,A,266,,C,-12.621,-32.305,42.470,4.209273
4119,OG,SER,A,266,,O,-12.351,-33.603,41.953,7.045545
4120,H01,SER,A,266,,H,-11.427,-31.162,41.004,0.000000
4121,H02,SER,A,266,,H,-13.564,-31.957,42.048,0.000000
4122,H03,SER,A,266,,H,-12.683,-32.361,43.557,2.831622
4123,H04,SER,A,266,,H,-12.374,-33.577,40.994,0.000000
4124,H05,SER,A,266,,H,-9.699,-31.452,43.255,4.247433
4125,N,ASP,A,267,,N,-12.564,-29.120,41.766,0.000000
4126,CA,ASP,A,267,,C,-12.923,-27.737,42.074,0.000000
4127,C,ASP,A,267,,C,-14.210,-27.674,42.905,0.000000
4128,O,ASP,A,267,,O,-15.214,-28.284,42.546,0.000000
4129,CB,ASP,A,267,,C,-13.094,-26.941,40.779,0.000000
4130,CG,ASP,A,267,,C,-11.824,-26.914,39.925,10.523183
4131,OD1,ASP,A,267,,O,-10.698,-26.917,40.480,24.659408
4132,OD2,ASP,A,267,,O,-11.969,-26.866,38.685,14.091090
4133,H01,ASP,A,267,,H,-12.117,-27.298,42.662,2.831622
4134,H02,ASP,A,267,,H,-13.324,-25.912,41.055,2.831622
4135,H03,ASP,A,267,,H,-13.897,-27.392,40.196,0.000000
4136,H05,ASP,A,267,,H,-12.831,-29.502,40.870,0.000000
4137,N,LYS,A,268,,N,-14.166,-26.906,43.996,0.000000
4138,CA,LYS,A,268,,C,-15.239,-26.856,44.992,0.000000
4139,C,LYS,A,268,,C,-15.666,-25.424,45.327,0.000000
4140,O,LYS,A,268,,O,-14.812,-24.583,45.599,0.000000
4141,CB,LYS,A,268,,C,-14.763,-27.519,46.281,0.000000
4142,CG,LYS,A,268,,C,-14.295,-28.952,46.120,0.000000
4143,CD,LYS,A,268,,C,-13.676,-29.477,47.416,0.000000
4144,CE,LYS,A,268,,C,-12.664,-30.594,47.152,0.000000
4145,NZ,LYS,A,268,,N,-11.798,-30.857,48.353,5.883323
4146,H01,LYS,A,268,,H,-16.095,-27.377,44.563,0.000000
4147,H02,LYS,A,268,,H,-15.625,-27.550,46.948,0.000000
4148,H03,LYS,A,268,,H,-13.935,-26.933,46.679,0.000000
4149,H04,LYS,A,268,,H,-13.350,-26.329,44.142,1.415811
4150,H05,LYS,A,268,,H,-13.537,-28.983,45.337,0.000000
4151,H06,LYS,A,268,,H,-15.147,-29.578,45.852,0.000000
4152,H07,LYS,A,268,,H,-14.477,-29.885,48.032,5.663244
4153,H08,LYS,A,268,,H,-13.171,-28.656,47.924,1.415811
4154,H09,LYS,A,268,,H,-12.019,-30.280,46.331,2.831622
4155,H10,LYS,A,268,,H,-13.203,-31.507,46.898,11.326489
4156,H11,LYS,A,268,,H,-10.973,-30.276,48.306,21.237166
4157,H12,LYS,A,268,,H,-12.314,-30.641,49.194,15.573922
4158,H13,LYS,A,268,,H,-11.525,-31.829,48.365,18.405544
4159,N,PHE,A,269,,N,-16.982,-25.175,45.356,0.000000
4160,CA,PHE,A,269,,C,-17.547,-23.831,45.556,0.000000
4161,C,PHE,A,269,,C,-18.501,-23.714,46.744,0.000000
4162,O,PHE,A,269,,O,-19.206,-24.657,47.079,0.000000
4163,CB,PHE,A,269,,C,-18.338,-23.400,44.333,0.000000
4164,CG,PHE,A,269,,C,-17.539,-23.357,43.077,0.000000
4165,CD1,PHE,A,269,,C,-17.213,-22.132,42.488,0.000000
4166,CD2,PHE,A,269,,C,-17.109,-24.536,42.469,0.000000
4167,CE1,PHE,A,269,,C,-16.460,-22.085,41.309,2.104637
4168,CE2,PHE,A,269,,C,-16.364,-24.506,41.295,0.000000
4169,CZ,PHE,A,269,,C,-16.033,-23.282,40.712,2.104637
4170,H01,PHE,A,269,,H,-16.678,-23.200,45.743,0.000000
4171,H02,PHE,A,269,,H,-18.680,-22.383,44.523,0.000000
4172,H03,PHE,A,269,,H,-19.161,-24.101,44.192,0.000000
4173,H04,PHE,A,269,,H,-17.548,-21.204,42.951,0.000000
4174,H05,PHE,A,269,,H,-17.361,-25.496,42.921,0.000000
4175,H06,PHE,A,269,,H,-16.207,-21.126,40.857,5.663244
4176,H07,PHE,A,269,,H,-16.039,-25.437,40.831,0.000000
4177,H08,PHE,A,269,,H,-15.444,-23.255,39.795,14.158111
4178,H14,PHE,A,269,,H,-17.619,-25.949,45.234,0.000000
4179,N,HIS,A,270,,N,-18.544,-22.519,47.337,0.000000
4180,CA,HIS,A,270,,C,-19.544,-22.154,48.322,0.000000
4181,C,HIS,A,270,,C,-20.423,-20.983,47.884,2.104637
4182,O,HIS,A,270,,O,-19.954,-20.003,47.314,0.000000
4183,CB,HIS,A,270,,C,-18.858,-21.836,49.617,4.209273
4184,CG,HIS,A,270,,C,-17.972,-22.942,50.082,4.209273
4185,CD2,HIS,A,270,,C,-16.625,-23.078,50.053,6.313910
4186,ND1,HIS,A,270,,N,-18.464,-24.118,50.606,0.000000
4187,CE1,HIS,A,270,,C,-17.458,-24.921,50.901,8.418547
4188,NE2,HIS,A,270,,N,-16.331,-24.315,50.576,3.922216
4189,H01,HIS,A,270,,H,-20.214,-23.005,48.442,0.000000
4190,H02,HIS,A,270,,H,-19.630,-21.691,50.373,1.415811
4191,H03,HIS,A,270,,H,-18.255,-20.938,49.483,1.415811
4192,H04,HIS,A,270,,H,-15.908,-22.344,49.684,2.831622
4193,H05,HIS,A,270,,H,-17.544,-25.916,51.339,9.910678
4194,H06,HIS,A,270,,H,-15.404,-24.698,50.693,0.000000
4195,H09,HIS,A,270,,H,-17.845,-21.834,47.087,0.000000
4196,N,TYR,A,271,,N,-21.715,-21.124,48.143,0.000000
4197,CA,TYR,A,271,,C,-22.682,-20.069,47.981,0.000000
4198,C,TYR,A,271,,C,-23.330,-19.753,49.341,0.000000
4199,O,TYR,A,271,,O,-23.716,-20.664,50.053,0.000000
4200,CB,TYR,A,271,,C,-23.730,-20.528,46.979,0.000000
4201,CG,TYR,A,271,,C,-24.935,-19.639,46.877,0.000000
4202,CD1,TYR,A,271,,C,-26.182,-20.083,47.292,0.000000
4203,CD2,TYR,A,271,,C,-24.845,-18.345,46.373,0.000000
4204,CE1,TYR,A,271,,C,-27.318,-19.271,47.182,2.104637
4205,CE2,TYR,A,271,,C,-25.976,-17.527,46.273,2.104637
4206,CZ,TYR,A,271,,C,-27.206,-18.011,46.675,2.104637
4207,OH,TYR,A,271,,O,-28.331,-17.233,46.603,5.284159
4208,H01,TYR,A,271,,H,-22.202,-19.162,47.612,0.000000
4209,H02,TYR,A,271,,H,-24.091,-21.494,47.333,0.000000
4210,H03,TYR,A,271,,H,-23.261,-20.579,45.996,0.000000
4211,H04,TYR,A,271,,H,-26.280,-21.084,47.712,0.000000
4212,H05,TYR,A,271,,H,-23.877,-17.962,46.051,0.000000
4213,H06,TYR,A,271,,H,-28.290,-19.646,47.501,0.000000
4214,H07,TYR,A,271,,H,-22.040,-22.022,48.473,0.000000
4215,H08,TYR,A,271,,H,-25.887,-16.514,45.880,0.000000
4216,H09,TYR,A,271,,H,-28.600,-17.142,45.686,11.326489
4217,N,ALA,A,272,,N,-23.427,-18.465,49.696,0.000000
4218,CA,ALA,A,272,,C,-24.238,-17.984,50.833,0.000000
4219,C,ALA,A,272,,C,-25.164,-16.877,50.346,2.104637
4220,O,ALA,A,272,,O,-24.874,-16.232,49.361,0.000000
4221,CB,ALA,A,272,,C,-23.378,-17.491,51.935,12.627820
4222,H01,ALA,A,272,,H,-24.827,-18.813,51.224,0.000000
4223,H02,ALA,A,272,,H,-22.487,-17.022,51.518,1.415811
4224,H03,ALA,A,272,,H,-23.929,-16.761,52.528,14.158111
4225,H04,ALA,A,272,,H,-23.084,-18.327,52.569,9.910678
4226,H10,ALA,A,272,,H,-22.916,-17.783,49.155,0.000000
4227,N,GLY,A,273,,N,-26.302,-16.679,51.003,0.000000
4228,CA,GLY,A,273,,C,-27.344,-15.804,50.460,0.000000
4229,C,GLY,A,273,,C,-28.450,-15.432,51.454,0.000000
4230,O,GLY,A,273,,O,-29.368,-16.229,51.727,3.522773
4231,H01,GLY,A,273,,H,-27.827,-16.362,49.657,0.000000
4232,H02,GLY,A,273,,H,-26.871,-14.884,50.117,0.000000
4233,H05,GLY,A,273,,H,-26.451,-17.139,51.890,2.831622
4234,N,VAL,A,274,,N,-28.375,-14.207,51.970,0.000000
4235,CA,VAL,A,274,,C,-29.428,-13.636,52.781,0.000000
4236,C,VAL,A,274,,C,-30.317,-12.682,51.983,0.000000
4237,O,VAL,A,274,,O,-29.830,-11.884,51.215,1.761386
4238,CB,VAL,A,274,,C,-28.857,-12.795,53.896,0.000000
4239,CG1,VAL,A,274,,C,-29.984,-12.399,54.800,4.209273
4240,CG2,VAL,A,274,,C,-27.761,-13.535,54.657,8.418547
4241,H01,VAL,A,274,,H,-29.997,-14.488,53.153,0.000000
4242,H02,VAL,A,274,,H,-28.385,-11.905,53.480,4.247433
4243,H03,VAL,A,274,,H,-27.550,-13.654,51.788,0.000000
4244,H04,VAL,A,274,,H,-30.873,-12.976,54.546,0.000000
4245,H05,VAL,A,274,,H,-29.707,-12.597,55.835,12.742300
4246,H06,VAL,A,274,,H,-30.194,-11.337,54.676,11.326489
4247,H07,VAL,A,274,,H,-26.907,-12.873,54.798,19.821355
4248,H08,VAL,A,274,,H,-28.141,-13.848,55.629,7.079055
4249,H09,VAL,A,274,,H,-27.451,-14.411,54.088,2.831622
4250,N,GLY,A,275,,N,-31.619,-12.715,52.217,0.000000
4251,CA,GLY,A,275,,C,-32.546,-11.789,51.571,0.000000
4252,C,GLY,A,275,,C,-33.450,-11.164,52.618,2.104637
4253,O,GLY,A,275,,O,-33.528,-11.678,53.736,0.000000
4254,H01,GLY,A,275,,H,-33.152,-12.330,50.845,7.079055
4255,H02,GLY,A,275,,H,-31.983,-11.006,51.062,0.000000
4256,H10,GLY,A,275,,H,-31.983,-13.402,52.862,0.000000
4257,N,VAL,A,276,,N,-34.095,-10.035,52.272,0.000000
4258,CA,VAL,A,276,,C,-35.301,-9.529,52.980,0.000000
4259,C,VAL,A,276,,C,-36.342,-9.101,51.956,0.000000
4260,O,VAL,A,276,,O,-36.013,-8.530,50.950,0.000000
4261,CB,VAL,A,276,,C,-34.982,-8.374,53.953,0.000000
4262,CG1,VAL,A,276,,C,-36.238,-7.693,54.420,2.104637
4263,CG2,VAL,A,276,,C,-34.266,-8.904,55.201,6.313910
4264,H01,VAL,A,276,,H,-35.694,-10.341,53.591,0.000000
4265,H02,VAL,A,276,,H,-34.350,-7.670,53.410,5.663244
4266,H03,VAL,A,276,,H,-33.741,-9.503,51.490,0.000000
4267,H04,VAL,A,276,,H,-37.048,-8.421,54.470,0.000000
4268,H05,VAL,A,276,,H,-36.074,-7.264,55.409,8.494867
4269,H06,VAL,A,276,,H,-36.505,-6.901,53.720,8.494867
4270,H07,VAL,A,276,,H,-33.363,-8.319,55.377,24.068789
4271,H08,VAL,A,276,,H,-34.927,-8.819,56.064,2.831622
4272,H09,VAL,A,276,,H,-33.998,-9.950,55.050,0.000000
4273,N,ASN,A,277,,N,-37.597,-9.428,52.188,1.961108
4274,CA,ASN,A,277,,C,-38.695,-8.919,51.360,0.000000
4275,C,ASN,A,277,,C,-39.801,-8.267,52.240,0.000000
4276,O,ASN,A,277,,O,-40.032,-8.705,53.369,0.000000
4277,CB,ASN,A,277,,C,-39.265,-10.068,50.567,6.313910
4278,CG,ASN,A,277,,C,-40.384,-9.666,49.657,4.209273
4279,ND2,ASN,A,277,,N,-40.072,-9.502,48.382,9.805539
4280,OD1,ASN,A,277,,O,-41.549,-9.563,50.080,3.522773
4281,H01,ASN,A,277,,H,-38.316,-8.150,50.687,0.000000
4282,H02,ASN,A,277,,H,-39.674,-10.781,51.283,2.831622
4283,H03,ASN,A,277,,H,-38.467,-10.502,49.964,7.079055
4284,H04,ASN,A,277,,H,-40.789,-9.256,47.714,1.415811
4285,H05,ASN,A,277,,H,-39.117,-9.623,48.076,0.000000
4286,H10,ASN,A,277,,H,-37.809,-10.047,52.958,0.000000
4287,N,TYR,A,278,,N,-40.454,-7.211,51.747,0.000000
4288,CA,TYR,A,278,,C,-41.606,-6.637,52.436,0.000000
4289,C,TYR,A,278,,C,-42.777,-6.456,51.459,0.000000
4290,O,TYR,A,278,,O,-42.652,-5.785,50.432,0.000000
4291,CB,TYR,A,278,,C,-41.238,-5.327,53.137,2.104637
4292,CG,TYR,A,278,,C,-42.414,-4.627,53.818,2.104637
4293,CD1,TYR,A,278,,C,-43.103,-3.618,53.175,6.313910
4294,CD2,TYR,A,278,,C,-42.833,-4.987,55.093,6.313910
4295,CE1,TYR,A,278,,C,-44.182,-3.002,53.756,6.313910
4296,CE2,TYR,A,278,,C,-43.918,-4.366,55.691,8.418547
4297,CZ,TYR,A,278,,C,-44.587,-3.373,55.007,4.209273
4298,OH,TYR,A,278,,O,-45.657,-2.735,55.564,24.659408
4299,H01,TYR,A,278,,H,-41.925,-7.331,53.213,0.000000
4300,H02,TYR,A,278,,H,-40.877,-4.650,52.363,1.415811
4301,H03,TYR,A,278,,H,-40.484,-5.544,53.894,4.247433
4302,H04,TYR,A,278,,H,-42.782,-3.303,52.182,1.415811
4303,H05,TYR,A,278,,H,-42.300,-5.770,55.631,0.000000
4304,H06,TYR,A,278,,H,-40.144,-6.800,50.878,0.000000
4305,H07,TYR,A,278,,H,-44.716,-2.217,53.220,5.663244
4306,H08,TYR,A,278,,H,-44.239,-4.659,56.691,9.910678
4307,H09,TYR,A,278,,H,-45.868,-1.953,55.048,16.989733
4308,N,SER,A,279,,N,-43.912,-7.067,51.779,0.000000
4309,CA,SER,A,279,,C,-45.111,-6.945,50.955,0.000000
4310,C,SER,A,279,,C,-46.040,-5.833,51.457,0.000000
4311,O,SER,A,279,,O,-45.982,-5.419,52.615,3.522773
4312,CB,SER,A,279,,C,-45.851,-8.276,50.940,2.104637
4313,OG,SER,A,279,,O,-45.616,-8.927,52.168,3.522773
4314,H01,SER,A,279,,H,-44.801,-6.679,49.944,0.000000
4315,H02,SER,A,279,,H,-45.497,-8.893,50.114,4.247433
4316,H03,SER,A,279,,H,-46.920,-8.103,50.812,4.247433
4317,H04,SER,A,279,,H,-45.336,-9.830,52.003,19.821355
4318,H10,SER,A,279,,H,-43.947,-7.632,52.616,0.000000
4319,N,PHE,A,280,,N,-46.892,-5.351,50.563,0.000000
4320,CA,PHE,A,280,,C,-47.818,-4.260,50.842,0.000000
4321,C,PHE,A,280,,C,-48.517,-3.908,49.542,0.000000
4322,O,PHE,A,280,,O,-49.677,-3.514,49.551,21.136635
4323,CB,PHE,A,280,,C,-47.115,-3.013,51.427,2.104637
4324,CG,PHE,A,280,,C,-46.029,-2.452,50.553,0.000000
4325,CD1,PHE,A,280,,C,-44.727,-2.891,50.686,0.000000
4326,CD2,PHE,A,280,,C,-46.306,-1.498,49.587,8.418547
4327,CE1,PHE,A,280,,C,-43.709,-2.404,49.872,2.104637
4328,CE2,PHE,A,280,,C,-45.290,-1.000,48.766,6.313910
4329,CZ,PHE,A,280,,C,-43.992,-1.462,48.907,8.418547
4330,H01,PHE,A,280,,H,-48.530,-4.588,51.600,16.989733
4331,H02,PHE,A,280,,H,-47.985,-4.006,48.596,0.000000
4332,H03,PHE,A,280,,H,-46.638,-3.329,52.355,0.000000
4333,H04,PHE,A,280,,H,-47.865,-2.238,51.581,15.573922
4334,H05,PHE,A,280,,H,-46.900,-5.761,49.640,0.000000
4335,H06,PHE,A,280,,H,-44.491,-3.636,51.446,0.000000
4336,H07,PHE,A,280,,H,-47.326,-1.132,49.466,9.910678
4337,H08,PHE,A,280,,H,-42.689,-2.767,49.998,0.000000
4338,H09,PHE,A,280,,H,-45.520,-0.246,48.013,12.742300
4339,H10,PHE,A,280,,H,-43.201,-1.084,48.260,2.831622
